iso,CODE_ISO_2,countrycode,CODE_WHO,NAME_SHORT_EN,NAME_FORMAL_EN,NAME_SHORT_AR,NAME_FORMAL_AR,NAME_SHORT_ES,NAME_FORMAL_ES,NAME_SHORT_FR,NAME_FORMAL_FR,NAME_SHORT_RU,NAME_FORMAL_RU,NAME_SHORT_ZH,NAME_FORMAL_ZH,WHO_LEGAL_STATUS,WHO_LEGAL_STATUS_TITLE,WHO_LEGAL_NOTES,SOVEREIGN_ISO_3,GRP_WHO_REGION,GRP_WHO_REGION_OFFICE,GRP_WB_INCOME,POP_SMALL,name_country,name_region,name_sub_region,region_numeric_code,sub_region_numeric_code,is_developed_region,is_less_developed_region,is_least_developed_country,is_in_sub_saharan_africa,is_unmarried_sexual_activity,is_low_population,is_fp2020,subcluster_bearak,cluster_bearak,...39,...40,cluster,subcluster
PSE,PS,275,GAZ,"occupied Palestinian territory, including east Jerusalem",NA,_____ __________ ________ ___ ____ _____ _______,NA,"Territorio Palestino Ocupado, incluida Jerusalén Oriental",NA,"Territoire palestinien occupé, y compris Jérusalem-Est",NA,"______________ ____________ __________, _______ _________ _________",NA,_________________,NA,T,Territory or Area,"The term ""Palestine"" is used in WHO to designate the Palestine Liberation Organization as an entity enjoying observer status in WHO pursuant to resolution WHA27.37. According to resolution EM/RC40/R.2 of the Regional Committee for the Eastern Mediterranea",NA,EMR,NA,LMC,NA,State of Palestine,Asia,Western Asia,935,922,N,Y,N,N,N,N,Y,North Africa and Middle East,North Africa and Middle East,North Africa and Middle East,North Africa and Middle East,North Africa and Middle East,North Africa and Middle East
VIR,VI,850,VUS,United States Virgin Islands,NA,___ ____ _______ ________ _______,NA,Islas Vírgenes de los Estados Unidos,NA,Vierges des États-Unis (les Îles),NA,__________ _______ ___________ ______,NA,_______,NA,T,Territory or Area,NA,USA,AMR,NA,HIC,NA,United States Virgin Islands,Latin America and the Caribbean,Caribbean,904,915,N,Y,N,N,Y,N,N,Caribbean,LAC,Caribbean,LAC,LAC,Caribbean
ZWE,ZW,716,ZIM,Zimbabwe,the Republic of Zimbabwe,_______,_______ _______,Zimbabwe,la República de Zimbabwe,Zimbabwe,la République du Zimbabwe,________,__________ ________,____,_______,M,Member State,NA,NA,AFR,NA,LMC,NA,Zimbabwe,Africa,Eastern Africa,903,910,N,Y,N,Y,Y,N,Y,Southern Africa,Sub-Saharan Africa,Southern Africa,Sub-Saharan Africa,Sub-Saharan Africa,Southern Africa
TCD,TD,148,CHA,Chad,the Republic of Chad,____,_______ ____,Chad (el),la República del Chad,Tchad,la République du Tchad,___,__________ ___,__,_____,M,Member State,NA,NA,AFR,NA,LIC,NA,Chad,Africa,Middle Africa,903,911,N,Y,Y,Y,Y,N,Y,Western Africa,Sub-Saharan Africa,Western Africa,Sub-Saharan Africa,Sub-Saharan Africa,Western Africa
IOT,IO,86,IOT,British Indian Ocean Territory,NA,_______ _________ __ ______ ______,NA,Territorio Británico del Océano Índico,NA,Indien (le Territoire britannique de l'Océan ),NA,__________ __________ _ _________ ______,NA,_______,NA,T,Territory or Area,NA,GBR,NA,NA,NA,NA,NA,NA,NA,NA,NA,NA,NA,NA,NA,NA,NA,NA,NA,NA,NA,NA,NA,NA
LBN,LB,422,LEB,Lebanon,the Lebanese Republic,_____,_________ _________,Líbano,la República Libanesa,Liban,la République libanaise,_____,_________ __________,___,______,M,Member State,NA,NA,EMR,NA,UMC,NA,Lebanon,Asia,Western Asia,935,922,N,Y,N,N,N,N,N,North Africa and Middle East,North Africa and Middle East,North Africa and Middle East,North Africa and Middle East,North Africa and Middle East,North Africa and Middle East
VUT,VU,548,VAN,Vanuatu,the Republic of Vanuatu,_______,_______ _______,Vanuatu,la República de Vanuatu,Vanuatu,la République de Vanuatu,_______,__________ _______,____,_______,M,Member State,NA,NA,WPR,NA,LMC,NA,Vanuatu,Oceania,Melanesia,909,928,N,Y,Y,N,Y,N,N,Oceania,"South Asia, Southeast Asia, and Oceania",Oceania,"South Asia, Southeast Asia, and Oceania","South Asia, Southeast Asia, and Oceania",Oceania
BLZ,BZ,84,BLZ,Belize,Belize,____,____,Belice,Belice,Belize,le Belize,_____,_____,___,___,M,Member State,NA,NA,AMR,NA,LMC,NA,Belize,Latin America and the Caribbean,Central America,904,916,N,Y,N,N,Y,N,N,Caribbean,LAC,Caribbean,LAC,LAC,Caribbean
CUB,CU,192,CUB,Cuba,the Republic of Cuba,____,_______ ____,Cuba,la República de Cuba,Cuba,la République de Cuba,____,__________ ____,__,_____,M,Member State,NA,NA,AMR,NA,UMC,NA,Cuba,Latin America and the Caribbean,Caribbean,904,915,N,Y,N,N,Y,N,N,Caribbean,LAC,Caribbean,LAC,LAC,Caribbean
CAN,CA,124,CAN,Canada,Canada,____,____,Canadá,el Canadá,Canada,le Canada,______,______,___,___,M,Member State,NA,NA,AMR,NA,HIC,NA,Canada,Northern America,Northern America,905,905,Y,N,N,N,Y,N,N,High-income North America,High-income,High-income North America,High-income,High-income,High-income North America
GHA,GH,288,GHA,Ghana,the Republic of Ghana,____,_______ ____,Ghana,la República de Ghana,Ghana,la République du Ghana,____,__________ ____,__,_____,M,Member State,NA,NA,AFR,NA,LMC,NA,Ghana,Africa,Western Africa,903,914,N,Y,N,Y,Y,N,Y,Western Africa,Sub-Saharan Africa,Western Africa,Sub-Saharan Africa,Sub-Saharan Africa,Western Africa
UMI,UM,581,UMI,United States Minor Outlying Islands,NA,_____ _______ _______ _______ ________ _______,NA,Islas menores alejadas de Estados Unidos,NA,Îles mineures éloignées des États-Unis (les),NA,_______ _____ _______ ___________ ______,NA,________,NA,T,Territory or Area,NA,USA,NA,NA,NA,NA,NA,NA,NA,NA,NA,NA,NA,NA,NA,NA,NA,NA,NA,NA,NA,NA,NA,NA
FSM,FM,583,MIC,Micronesia (Federated States of),the Federated States of Micronesia,__________ (______ - _______),______ __________ _______,Micronesia (Estados Federados de),los Estados Federados de Micronesia,Micronésie (États fédérés de),les États fédérés de Micronésie,__________ (____________ _____),____________ _____ __________,__________,________,M,Member State,"Use ""Micronesia (Federated States of)"" in alphabetical lists, tables and name-plates. For other purposes, use ""the Federated States of Micronesia"".",NA,WPR,NA,LMC,NA,Micronesia (Federated States of),Oceania,Micronesia,909,954,N,Y,N,N,Y,N,N,Oceania,"South Asia, Southeast Asia, and Oceania",NA,NA,"South Asia, Southeast Asia, and Oceania",Oceania
PRT,PT,620,POR,Portugal,the Portuguese Republic,________,_______ ________,Portugal,la República Portuguesa,Portugal,la République portugaise,__________,_____________ __________,___,______,M,Member State,NA,NA,EUR,NA,HIC,NA,Portugal,Europe,Southern Europe,908,925,Y,N,N,N,Y,N,N,Western Europe,High-income,Western Europe,High-income,High-income,Western Europe
EGY,EG,818,EGY,Egypt,the Arab Republic of Egypt,___,_______ ___ _______,Egipto,la República Árabe de Egipto,Égypte,la République arabe d'Égypte,______,________ __________ ______,__,________,M,Member State,NA,NA,EMR,NA,LMC,NA,Egypt,Africa,Northern Africa,903,912,N,Y,N,N,N,N,Y,North Africa and Middle East,North Africa and Middle East,North Africa and Middle East,North Africa and Middle East,North Africa and Middle East,North Africa and Middle East
NOR,NO,578,NOR,Norway,the Kingdom of Norway,_______,_____ _______,Noruega,el Reino de Noruega,Norvège,le Royaume de Norvège,________,___________ ________,__,____,M,Member State,NA,NA,EUR,NA,HIC,NA,Norway,Europe,Northern Europe,908,924,Y,N,N,N,Y,N,N,Western Europe,High-income,Western Europe,High-income,High-income,Western Europe
IRQ,IQ,368,IRQ,Iraq,the Republic of Iraq,______,_______ ______,Iraq,la República del Iraq,Iraq,la République d'Iraq,____,__________ ____,___,______,M,Member State,NA,NA,EMR,NA,UMC,NA,Iraq,Asia,Western Asia,935,922,N,Y,N,N,N,N,Y,North Africa and Middle East,North Africa and Middle East,North Africa and Middle East,North Africa and Middle East,North Africa and Middle East,North Africa and Middle East
ZMB,ZM,894,ZAM,Zambia,the Republic of Zambia,______,_______ ______,Zambia,la República de Zambia,Zambie,la République de Zambie,______,__________ ______,___,______,M,Member State,NA,NA,AFR,NA,LMC,NA,Zambia,Africa,Eastern Africa,903,910,N,Y,Y,Y,Y,N,Y,Eastern Africa,Sub-Saharan Africa,Eastern Africa,Sub-Saharan Africa,Sub-Saharan Africa,Eastern Africa
ROU,RO,642,ROM,Romania,Romania,_______,_______,Rumania,Rumania,Roumanie,la Roumanie,_______,_______,____,____,M,Member State,NA,NA,EUR,NA,UMC,NA,Romania,Europe,Eastern Europe,908,923,Y,N,N,N,Y,N,N,Eastern Europe,"Central Europe, Eastern Europe, and Central Asia",Eastern Europe,"Central Europe, Eastern Europe, and Central Asia","Central Europe, Eastern Europe, and Central Asia",Eastern Europe
ESP,ES,724,SPA,Spain,the Kingdom of Spain,_______,_____ _______,España,el Reino de España,Espagne,le Royaume d'Espagne,_______,___________ _______,___,_____,M,Member State,NA,NA,EUR,NA,HIC,NA,Spain,Europe,Southern Europe,908,925,Y,N,N,N,Y,N,N,Western Europe,High-income,Western Europe,High-income,High-income,Western Europe
BEN,BJ,204,BEN,Benin,the Republic of Benin,___,_______ ___,Benin,la República de Benin,Bénin,la République du Bénin,_____,__________ _____,__,_____,M,Member State,Seat of Government: Cotonou,NA,AFR,NA,LMC,NA,Benin,Africa,Western Africa,903,914,N,Y,Y,Y,Y,N,Y,Western Africa,Sub-Saharan Africa,Western Africa,Sub-Saharan Africa,Sub-Saharan Africa,Western Africa
GGY,GG,831,GGY,Guernsey,NA,______,NA,Guerney,NA,Guernesey,NA,______,NA,___,NA,T,Territory or Area,NA,GBR,NA,NA,NA,NA,NA,NA,NA,NA,NA,NA,NA,NA,NA,NA,NA,NA,NA,NA,NA,NA,NA,NA
AUT,AT,40,AUT,Austria,the Republic of Austria,______,_______ ______,Austria,la República de Austria,Autriche,la République d'Autriche,_______,___________ __________,___,______,M,Member State,NA,NA,EUR,NA,HIC,NA,Austria,Europe,Western Europe,908,926,Y,N,N,N,Y,N,N,Western Europe,High-income,Western Europe,High-income,High-income,Western Europe
GUY,GY,328,GUY,Guyana,the Republic of Guyana,_____,_______ _____,Guyana,la República de Guyana,Guyana,la République du Guyana,______,__________ ______,___,______,M,Member State,NA,NA,AMR,NA,UMC,NA,Guyana,Latin America and the Caribbean,South America,904,931,N,Y,N,N,Y,N,N,Caribbean,LAC,Caribbean,LAC,LAC,South America
YEM,YE,887,YEM,Yemen,the Republic of Yemen,_____,_________ _______,Yemen,la República del Yemen,Yémen,la République du Yémen,_____,_________ __________,__,_____,M,Member State,NA,NA,EMR,NA,LIC,NA,Yemen,Asia,Western Asia,935,922,N,Y,Y,N,N,N,Y,North Africa and Middle East,North Africa and Middle East,North Africa and Middle East,North Africa and Middle East,North Africa and Middle East,North Africa and Middle East
OMN,OM,512,OMA,Oman,the Sultanate of Oman,____,_____ ____,Omán,la Sultanía de Omán,Oman,le Sultanat d'Oman,____,________ ____,__,_____,M,Member State,NA,NA,EMR,NA,HIC,NA,Oman,Asia,Western Asia,935,922,N,Y,N,N,N,N,N,North Africa and Middle East,North Africa and Middle East,North Africa and Middle East,North Africa and Middle East,North Africa and Middle East,North Africa and Middle East
SVK,SK,703,SVK,Slovakia,the Slovak Republic,________,_________ __________,Eslovaquia,la República Eslovaca,Slovaquie,la République slovaque,________,_________ __________,____,_______,M,Member State,NA,NA,EUR,NA,HIC,NA,Slovakia,Europe,Eastern Europe,908,923,Y,N,N,N,Y,N,N,Central Europe,"Central Europe, Eastern Europe, and Central Asia",Central Europe,"Central Europe, Eastern Europe, and Central Asia","Central Europe, Eastern Europe, and Central Asia",Central Europe
HRV,HR,191,CRO,Croatia,the Republic of Croatia,_______,_______ _______,Croacia,la República de Croacia,Croatie,la République de Croatie,________,__________ ________,____,_______,M,Member State,NA,NA,EUR,NA,HIC,NA,Croatia,Europe,Southern Europe,908,925,Y,N,N,N,Y,N,N,Central Europe,"Central Europe, Eastern Europe, and Central Asia",Central Europe,"Central Europe, Eastern Europe, and Central Asia","Central Europe, Eastern Europe, and Central Asia",Central Europe
GRD,GD,308,GRA,Grenada,Grenada,_______,_______,Granada,Granada,Grenade,la Grenade,_______,_______,____,____,M,Member State,NA,NA,AMR,NA,UMC,NA,Grenada,Latin America and the Caribbean,Caribbean,904,915,N,Y,N,N,Y,N,N,Caribbean,LAC,Caribbean,LAC,LAC,Caribbean
MAC,MO,446,MAC,"China, Macao SAR","China, Macao Special Administrative Region",______ _____ _____ ________ ______,NA,"China, región administrativa especial de Macao",NA,"Chine, région administrative spéciale de Macao",NA,"_____, ___________ ________________ _____ _____",NA,_________,NA,T,Territory or Area,"Do not use ""Macao"". If data for this area are to be presented separately from those for China in a list or table, give them immediately after those for China, with the identification ""China, Macao SAR"".",CHN,WPR,NA,HIC,NA,"China, Macao Special Administrative Region",Asia,Eastern Asia,935,906,N,Y,N,N,Y,N,N,East Asia,East Asia,NA,NA,East Asia,East Asia
REU,RE,638,REU,Réunion,NA,_______,NA,Reunión,NA,Réunion (la),NA,_______,NA,___,NA,T,Territory or Area,NA,FRA,NA,NA,NA,NA,R√àunion,Africa,Eastern Africa,903,910,N,Y,N,Y,Y,N,N,Eastern Africa,Sub-Saharan Africa,Eastern Africa,Sub-Saharan Africa,Sub-Saharan Africa,Eastern Africa
CUW,CW,531,CUW,Curaçao,NA,_______,NA,Curazao,NA,Curaçao,NA,_______,NA,___,NA,T,Territory or Area,NA,NLD,AMR,NA,HIC,NA,Cura√ßao,Latin America and the Caribbean,Caribbean,904,915,N,Y,N,N,Y,N,N,Caribbean,LAC,Caribbean,LAC,LAC,Caribbean
UGA,UG,800,UGA,Uganda,the Republic of Uganda,______,_______ ______,Uganda,la República de Uganda,Ouganda,la République de l'Ouganda,______,__________ ______,___,______,M,Member State,NA,NA,AFR,NA,LIC,NA,Uganda,Africa,Eastern Africa,903,910,N,Y,Y,Y,Y,N,Y,Eastern Africa,Sub-Saharan Africa,Eastern Africa,Sub-Saharan Africa,Sub-Saharan Africa,Eastern Africa
CAF,CF,140,CAF,Central African Republic,the Central African Republic,_______ _______ ______,_______ _______ ______,República Centroafricana,la República Centroafricana,République centrafricaine,la République centrafricaine,_____________________ __________,_____________________ __________,_____,_____,M,Member State,NA,NA,AFR,NA,LIC,NA,Central African Republic,Africa,Middle Africa,903,911,N,Y,Y,Y,Y,N,Y,Central Africa,Sub-Saharan Africa,Central Africa,Sub-Saharan Africa,Sub-Saharan Africa,Central Africa
PRK,KP,408,KRD,Democratic People's Republic of Korea,the Democratic People's Republic of Korea,_______ _____ _______ ___________,_______ _____ _______ ___________,República Popular Democrática de Corea,la República Popular Democrática de Corea,République populaire démocratique de Corée,la République populaire démocratique de Corée,_________ _______-_______________ __________,_________ _______-_______________ __________,___________,___________,M,Member State,"Do not use ""North Korea"". Never use the term ""Korea"" on its own.",NA,SEAR,NA,LIC,NA,Democratic People's Republic of Korea,Asia,Eastern Asia,935,906,N,Y,N,N,Y,N,Y,East Asia,East Asia,East Asia,East Asia,East Asia,East Asia
NIC,NI,558,NIC,Nicaragua,the Republic of Nicaragua,_________,_______ _________,Nicaragua,la República de Nicaragua,Nicaragua,la République du Nicaragua,_________,__________ _________,____,_______,M,Member State,NA,NA,AMR,NA,LMC,NA,Nicaragua,Latin America and the Caribbean,Central America,904,916,N,Y,N,N,Y,N,Y,Central America,LAC,Central America,LAC,LAC,Central America
RWA,RW,646,RWA,Rwanda,the Republic of Rwanda,______,_______ ______,Rwanda,la República de Rwanda,Rwanda,la République du Rwanda,______,__________ ______,___,______,M,Member State,NA,NA,AFR,NA,LIC,NA,Rwanda,Africa,Eastern Africa,903,910,N,Y,Y,Y,Y,N,Y,Eastern Africa,Sub-Saharan Africa,Eastern Africa,Sub-Saharan Africa,Sub-Saharan Africa,Eastern Africa
MAF,MF,663,MAF,Saint Martin (French part),NA,____ _____ (_____ _______),NA,San Martín (parte francesa),NA,Saint-Martin (partie française),NA,___-______ (___________ _____),NA,_______,NA,T,Territory or Area,NA,FRA,NA,NA,NA,NA,NA,NA,NA,NA,NA,NA,NA,NA,NA,NA,NA,NA,NA,NA,NA,NA,NA,NA
BGD,BD,50,BAN,Bangladesh,the People’s Republic of Bangladesh,________,_______ ________ _______,Bangladesh,la República Popular de Bangladesh,Bangladesh,la République populaire du Bangladesh,_________,________ __________ _________,____,________,M,Member State,NA,NA,SEAR,SEARO,LMC,NA,Bangladesh,Asia,South-Central Asia,935,921,N,Y,Y,N,N,N,Y,South Asia,"South Asia, Southeast Asia, and Oceania",South Asia,"South Asia, Southeast Asia, and Oceania","South Asia, Southeast Asia, and Oceania",South Asia
MKD,MK,807,MKD,North Macedonia,the Republic of North Macedonia,_______ ________,_______ _______ ________,Macedonia del Norte,la República de Macedonia del Norte,Macédoine du Nord,la République de Macédoine du Nord,________ _________,__________ ________ _________,____,_______,M,Member State,"Do not use ""Macedonia"", ""the Republic of Macedonia"" or ""The former Yugoslav Republic of Macedonia"".",NA,EUR,NA,UMC,NA,The former Yugoslav Republic of Macedonia,Europe,Southern Europe,908,925,Y,N,N,N,Y,N,N,Balkans,"Central Europe, Eastern Europe, and Central Asia",Balkans,"Central Europe, Eastern Europe, and Central Asia","Central Europe, Eastern Europe, and Central Asia",Balkans
COG,CG,178,CNG,Congo,the Republic of the Congo,_______,_______ _______,Congo (el),la República del Congo,Congo,la République du Congo,_____,__________ _____,__,_____,M,Member State,"Congo is the short form for ""the Republic of the Congo"", whose capital is Brazzaville. Do not confuse it with the Democratic Republic of the Congo (no short form), whose capital is Kinshasa.",NA,AFR,NA,LMC,NA,Congo,Africa,Middle Africa,903,911,N,Y,N,Y,Y,N,Y,Central Africa,Sub-Saharan Africa,Central Africa,Sub-Saharan Africa,Sub-Saharan Africa,Central Africa
PYF,PF,258,FRP,French Polynesia,NA,_________ ________,NA,Polinesia Francesa,NA,Polynésie française (la),NA,___________ _________,NA,_______,NA,T,Territory or Area,NA,FRA,WPR,NA,HIC,NA,French Polynesia,Oceania,Polynesia,909,957,N,Y,N,N,Y,N,N,Oceania,"South Asia, Southeast Asia, and Oceania",NA,NA,"South Asia, Southeast Asia, and Oceania",Oceania
MNG,MN,496,MOG,Mongolia,Mongolia,_______,_______,Mongolia,Mongolia,Mongolie,la Mongolie,________,________,__,___,M,Member State,NA,NA,WPR,NA,LMC,NA,Mongolia,Asia,Eastern Asia,935,906,N,Y,N,N,Y,N,Y,Mongolia,"Central Europe, Eastern Europe, and Central Asia",Mongolia,"Central Europe, Eastern Europe, and Central Asia","Central Europe, Eastern Europe, and Central Asia",Central Asia
MUS,MU,480,MAS,Mauritius,the Republic of Mauritius,________,_______ ________,Mauricio,la República de Mauricio,Maurice,la République de Maurice,________,__________ ________,____,_______,M,Member State,NA,NA,AFR,NA,UMC,NA,Mauritius,Africa,Eastern Africa,903,910,N,Y,N,Y,Y,N,N,Southeast Asia,"South Asia, Southeast Asia, and Oceania",Southeast Asia,"South Asia, Southeast Asia, and Oceania","South Asia, Southeast Asia, and Oceania",Southeast Asia
SGS,GS,239,SOG,South Georgia and the South Sandwich Islands,NA,______ ________ ____ ________ ________,NA,Georgia del Sur y las Islas Sandwich del Sur,NA,Géorgie du Sud-et-les Îles Sandwich du Sud (la),NA,_____ ________ _ _____ __________ _______,NA,____________,NA,T,Territory or Area,NA,GBR,NA,NA,NA,NA,NA,NA,NA,NA,NA,NA,NA,NA,NA,NA,NA,NA,NA,NA,NA,NA,NA,NA
CIV,CI,384,IVC,Côte d'Ivoire,the Republic of Côte d'Ivoire,___ ______,_______ ___ ______,Côte d'Ivoire,la República de Côte d'Ivoire,Côte d'Ivoire,la République de Côte d'Ivoire,___-_'_____,__________ ___-_'_____,____,_______,M,Member State,"Do not use ""Ivory Coast"". Seat of Government: Abidjan.",NA,AFR,NA,LMC,NA,C√¥te d'Ivoire,Africa,Western Africa,903,914,N,Y,N,Y,Y,N,Y,Western Africa,Sub-Saharan Africa,Western Africa,Sub-Saharan Africa,Sub-Saharan Africa,Western Africa
QAT,QA,634,QAT,Qatar,the State of Qatar,___,____ ___,Qatar,el Estado de Qatar,Qatar,l'État du Qatar,_____,___________ _____,___,____,M,Member State,NA,NA,EMR,NA,HIC,NA,Qatar,Asia,Western Asia,935,922,N,Y,N,N,N,N,N,North Africa and Middle East,North Africa and Middle East,North Africa and Middle East,North Africa and Middle East,North Africa and Middle East,North Africa and Middle East
TUN,TN,788,TUN,Tunisia,the Republic of Tunisia,____,_________ ________,Túnez,la República de Túnez,Tunisie,la République tunisienne,_____,_________ __________,___,______,M,Member State,NA,NA,EMR,NA,LMC,NA,Tunisia,Africa,Northern Africa,903,912,N,Y,N,N,N,N,N,North Africa and Middle East,North Africa and Middle East,North Africa and Middle East,North Africa and Middle East,North Africa and Middle East,North Africa and Middle East
ARG,AR,32,ARG,Argentina,the Argentine Republic,_________,_______ _________,Argentina,la República Argentina,Argentine,la République argentine,_________,____________ __________,___,______,M,Member State,NA,NA,AMR,NA,UMC,NA,Argentina,Latin America and the Caribbean,South America,904,931,N,Y,N,N,Y,N,N,Southern Latin America,LAC,Southern Latin America,LAC,LAC,South America
CHL,CL,152,CHI,Chile,the Republic of Chile,____,_______ ____,Chile,la República de Chile,Chili,la République du Chili,____,__________ ____,__,_____,M,Member State,NA,NA,AMR,NA,HIC,NA,Chile,Latin America and the Caribbean,South America,904,931,N,Y,N,N,Y,N,N,Southern Latin America,LAC,Southern Latin America,LAC,LAC,South America
LVA,LV,428,LVA,Latvia,the Republic of Latvia,______,_______ ______,Letonia,la República de Letonia,Lettonie,la République de Lettonie,______,__________ __________,____,_______,M,Member State,NA,NA,EUR,NA,HIC,NA,Latvia,Europe,Northern Europe,908,924,Y,N,N,N,Y,N,N,Baltics,"Central Europe, Eastern Europe, and Central Asia",Baltics,"Central Europe, Eastern Europe, and Central Asia","Central Europe, Eastern Europe, and Central Asia",Baltics
SRB,RS,688,SRB,Serbia,the Republic of Serbia,_____,_______ _____,Serbia,la República de Serbia,Serbie,la République de Serbie,______,__________ ______,____,_______,M,Member State,"The Republic of Serbia (full name) continues the membership of ""the former state union of Serbia and Montenegro"" in the United Nations, including all the organs and organizations of the United Nations system. You can use expressions such as ""the former",NA,EUR,NA,UMC,NA,Serbia,Europe,Southern Europe,908,925,Y,N,N,N,Y,N,N,Balkans,"Central Europe, Eastern Europe, and Central Asia",Balkans,"Central Europe, Eastern Europe, and Central Asia","Central Europe, Eastern Europe, and Central Asia",Balkans
CZE,CZ,203,CZH,Czechia,the Czech Republic,______,_________ ________,Chequia,la República Checa,Tchéquie,la République tchèque,_____,_______ __________,__,_____,M,Member State,NA,NA,EUR,NA,HIC,NA,Czechia,Europe,Eastern Europe,908,923,Y,N,N,N,Y,N,N,Central Europe,"Central Europe, Eastern Europe, and Central Asia",Central Europe,"Central Europe, Eastern Europe, and Central Asia","Central Europe, Eastern Europe, and Central Asia",Central Europe
MRT,MR,478,MAU,Mauritania,the Islamic Republic of Mauritania,_________,_________ _________ ___________,Mauritania,la República Islámica de Mauritania,Mauritanie,la République islamique de Mauritanie,__________,_________ __________ __________,_____,___________,M,Member State,NA,NA,AFR,NA,LMC,NA,Mauritania,Africa,Western Africa,903,914,N,Y,Y,Y,N,N,Y,Western Africa,Sub-Saharan Africa,Western Africa,Sub-Saharan Africa,Sub-Saharan Africa,Western Africa
BWA,BW,72,BOT,Botswana,the Republic of Botswana,________,_______ ________,Botswana,la República de Botswana,Botswana,la République du Botswana,________,__________ ________,____,_______,M,Member State,NA,NA,AFR,NA,UMC,NA,Botswana,Africa,Southern Africa,903,913,N,Y,N,Y,Y,N,N,Southern Africa,Sub-Saharan Africa,Southern Africa,Sub-Saharan Africa,Sub-Saharan Africa,Southern Africa
TWN,TW,158,TWN,"China, Province of Taiwan",NA,NA,NA,NA,NA,NA,NA,NA,NA,NA,NA,E,Territory or Area (Excluded from WHO publications),"Do not use ""Taiwan"". Use the expression ""Chinese Taipei"" only for lists of participants, summary records and similar documents of World Health Assemblies to which that entity is invited as an observer. If data for this area are to be presented separately",CHN,NA,NA,NA,NA,Other non-specified areas,Asia,Eastern Asia,935,906,N,Y,N,N,Y,N,N,East Asia,East Asia,NA,NA,East Asia,East Asia
HND,HN,340,HON,Honduras,the Republic of Honduras,_______,_______ _______,Honduras,la República de Honduras,Honduras,la République du Honduras,________,__________ ________,____,_______,M,Member State,NA,NA,AMR,NA,LMC,NA,Honduras,Latin America and the Caribbean,Central America,904,916,N,Y,N,N,Y,N,Y,Central America,LAC,Central America,LAC,LAC,Central America
MLI,ML,466,MAI,Mali,the Republic of Mali,____,_______ ____,Malí,la República de Malí,Mali,la République du Mali,____,__________ ____,__,_____,M,Member State,NA,NA,AFR,NA,LIC,NA,Mali,Africa,Western Africa,903,914,N,Y,Y,Y,Y,N,Y,Western Africa,Sub-Saharan Africa,Western Africa,Sub-Saharan Africa,Sub-Saharan Africa,Western Africa
GRL,GL,304,GRN,Greenland,NA,________,NA,Groenlandia,NA,Groenland (le),NA,__________,NA,___,NA,T,Territory or Area,NA,DNK,EUR,NA,HIC,NA,Greenland,Northern America,Northern America,905,905,Y,N,N,N,Y,Y,N,High-income North America,High-income,NA,NA,High-income,High-income North America
HMD,HM,334,HMD,Heard Island and McDonald Islands,NA,_____ ____ ____ _________,NA,Islas Heard y McDonald,NA,Heard-et-Îles MacDonald (l'Île),NA,______ ____ _ _______ __________,NA,_________,NA,T,Territory or Area,NA,AUS,NA,NA,NA,NA,NA,NA,NA,NA,NA,NA,NA,NA,NA,NA,NA,NA,NA,NA,NA,NA,NA,NA
UZB,UZ,860,UZB,Uzbekistan,the Republic of Uzbekistan,_________,_______ _________,Uzbekistán,la República de Uzbekistán,Ouzbékistan,la République d'Ouzbékistan,__________,__________ __________,______,_________,M,Member State,NA,NA,EUR,NA,LMC,NA,Uzbekistan,Asia,South-Central Asia,935,921,N,Y,N,N,N,N,Y,Central Asia,"Central Europe, Eastern Europe, and Central Asia",Central Asia,"Central Europe, Eastern Europe, and Central Asia","Central Europe, Eastern Europe, and Central Asia",Central Asia
MAR,MA,504,MOR,Morocco,the Kingdom of Morocco,______,_______ ________,Marruecos,el Reino de Marruecos,Maroc,le Royaume du Maroc,_______,___________ _______,___,_____,M,Member State,NA,NA,EMR,NA,LMC,NA,Morocco,Africa,Northern Africa,903,912,N,Y,N,N,N,N,N,North Africa and Middle East,North Africa and Middle East,North Africa and Middle East,North Africa and Middle East,North Africa and Middle East,North Africa and Middle East
IND,IN,356,IND,India,the Republic of India,_____,_______ _____,India,la República de la India,Inde,la République de l'Inde,_____,__________ _____,__,_____,M,Member State,NA,NA,SEAR,NA,LMC,NA,India,Asia,South-Central Asia,935,921,N,Y,N,N,N,N,Y,South Asia,"South Asia, Southeast Asia, and Oceania",South Asia,"South Asia, Southeast Asia, and Oceania","South Asia, Southeast Asia, and Oceania",South Asia
PAN,PA,591,PAN,Panama,the Republic of Panama,____,_______ ____,Panamá,la República de Panamá,Panama,la République du Panama,______,__________ ______,___,______,M,Member State,NA,NA,AMR,NA,UMC,NA,Panama,Latin America and the Caribbean,Central America,904,916,N,Y,N,N,Y,N,N,Central America,LAC,Central America,LAC,LAC,Central America
BLR,BY,112,BLR,Belarus,the Republic of Belarus,_______,_______ _______,Belarús,la República de Belarús,Bélarus,la République du Bélarus,________,__________ ________,____,_______,M,Member State,NA,NA,EUR,NA,UMC,NA,Belarus,Europe,Eastern Europe,908,923,Y,N,N,N,Y,N,N,Eastern Europe,"Central Europe, Eastern Europe, and Central Asia",Eastern Europe,"Central Europe, Eastern Europe, and Central Asia","Central Europe, Eastern Europe, and Central Asia",Eastern Europe
LKA,LK,144,SRL,Sri Lanka,the Democratic Socialist Republic of Sri Lanka,___ _____,_______ ___ _____ __________ ___________,Sri Lanka,la República Socialista Democrática de Sri Lanka,Sri Lanka,la République socialiste démocratique de Sri Lanka,___-_____,_______________ ________________ __________ ___-_____,____,_____________,M,Member State,Seat of Government: Sri Jayawardenepura Kotte.,NA,SEAR,NA,LMC,NA,Sri Lanka,Asia,South-Central Asia,935,921,N,Y,N,N,N,N,Y,Southeast Asia,"South Asia, Southeast Asia, and Oceania",Southeast Asia,"South Asia, Southeast Asia, and Oceania","South Asia, Southeast Asia, and Oceania",Southeast Asia
SYR,SY,760,SYR,Syrian Arab Republic,the Syrian Arab Republic,_________ _______ _______,_________ _______ _______,República Árabe Siria,la República Árabe Siria,République arabe syrienne,la République arabe syrienne,_________ ________ __________,_________ ________ __________,_________,_________,M,Member State,NA,NA,EMR,NA,LIC,NA,Syrian Arab Republic,Asia,Western Asia,935,922,N,Y,N,N,N,N,N,North Africa and Middle East,North Africa and Middle East,North Africa and Middle East,North Africa and Middle East,North Africa and Middle East,North Africa and Middle East
VCT,VC,670,SAV,Saint Vincent and the Grenadines,Saint Vincent and the Grenadines,____ _____ ____ ________,____ _____ ____ ________,San Vicente y las Granadinas,San Vicente y las Granadinas,Saint-Vincent-et-les Grenadines,Saint-Vincent-et-les Grenadines,____-_______ _ _________,____-_______ _ _________,__________,__________,M,Member State,NA,NA,AMR,NA,UMC,NA,Saint Vincent and the Grenadines,Latin America and the Caribbean,Caribbean,904,915,N,Y,N,N,Y,N,N,Caribbean,LAC,Caribbean,LAC,LAC,Caribbean
COD,CD,180,COD,Democratic Republic of the Congo,the Democratic Republic of the Congo,_______ _______ ___________,_______ _______ ___________,República Democrática del Congo,la República Democrática del Congo,République démocratique du Congo,la République démocratique du Congo,_______________ __________ _____,_______________ __________ _____,_______,_______,M,Member State,NA,NA,AFR,NA,LIC,NA,Democratic Republic of the Congo,Africa,Middle Africa,903,911,N,Y,Y,Y,Y,N,Y,Central Africa,Sub-Saharan Africa,Central Africa,Sub-Saharan Africa,Sub-Saharan Africa,Central Africa
KOR,KR,410,KOR,Republic of Korea,the Republic of Korea,_______ _____,_______ _____,República de Corea,la República de Corea,République de Corée,la République de Corée,__________ _____,__________ _____,____,____,M,Member State,"Do not use ""South Korea"". Never use the term ""Korea"" on its own.",NA,WPR,NA,HIC,NA,Republic of Korea,Asia,Eastern Asia,935,906,N,Y,N,N,Y,N,N,High-income Asia Pacific,High-income,High-income Asia Pacific,High-income,High-income,High-income Asia Pacific
SGP,SG,702,SIN,Singapore,the Republic of Singapore,________,_______ ________,Singapur,la República de Singapur,Singapour,la République de Singapour,________,__________ ________,___,______,M,Member State,NA,NA,WPR,NA,HIC,NA,Singapore,Asia,South-Eastern Asia,935,920,N,Y,N,N,Y,N,N,High-income Asia Pacific,High-income,High-income Asia Pacific,High-income,High-income,High-income Asia Pacific
TZA,TZ,834,TAN,United Republic of Tanzania,the United Republic of Tanzania,_______ _______ _______,_______ _______ _______,República Unida de Tanzanía,la República Unida de Tanzanía,République-Unie de Tanzanie,la République-Unie de Tanzanie,____________ __________ ________,____________ __________ ________,_________,_________,M,Member State,"Do not use ""Tanzania"".",NA,AFR,NA,LMC,NA,United Republic of Tanzania,Africa,Eastern Africa,903,910,N,Y,Y,Y,Y,N,Y,Eastern Africa,Sub-Saharan Africa,Eastern Africa,Sub-Saharan Africa,Sub-Saharan Africa,Eastern Africa
MDV,MV,462,MAV,Maldives,the Republic of Maldives,_____,_______ _____,Maldivas,la República de Maldivas,Maldives,la République des Maldives,___________ _______,___________ __________,____,_______,M,Member State,NA,NA,SEAR,NA,UMC,NA,Maldives,Asia,South-Central Asia,935,921,N,Y,N,N,N,N,N,Southeast Asia,"South Asia, Southeast Asia, and Oceania",Southeast Asia,"South Asia, Southeast Asia, and Oceania","South Asia, Southeast Asia, and Oceania",Southeast Asia
GEO,GE,268,GEO,Georgia,Georgia,______,______,Georgia,Georgia,Géorgie,la Géorgie,______,______,____,____,M,Member State,NA,NA,EUR,NA,UMC,NA,Georgia,Asia,Western Asia,935,922,N,Y,N,N,Y,N,N,Caucasus,"Central Europe, Eastern Europe, and Central Asia",Caucasus,"Central Europe, Eastern Europe, and Central Asia","Central Europe, Eastern Europe, and Central Asia",Caucasus
SUR,SR,740,SUR,Suriname,the Republic of Suriname,_______,_______ _______,Suriname,la República de Suriname,Suriname,la République du Suriname,_______,__________ _______,___,______,M,Member State,NA,NA,AMR,NA,UMC,NA,Suriname,Latin America and the Caribbean,South America,904,931,N,Y,N,N,Y,N,N,Caribbean,LAC,Caribbean,LAC,LAC,South America
DJI,DJ,262,DJI,Djibouti,the Republic of Djibouti,______,_______ ______,Djibouti,la República de Djibouti,Djibouti,la République de Djibouti,_______,__________ _______,___,______,M,Member State,NA,NA,EMR,NA,LMC,NA,Djibouti,Africa,Eastern Africa,903,910,N,Y,Y,Y,N,N,Y,Eastern Africa,Sub-Saharan Africa,Eastern Africa,Sub-Saharan Africa,Sub-Saharan Africa,Eastern Africa
IDN,ID,360,INO,Indonesia,the Republic of Indonesia,_________,_______ _________,Indonesia,la República de Indonesia,Indonésie,la République d'Indonésie,_________,__________ _________,_____,________,M,Member State,NA,NA,SEAR,NA,LMC,NA,Indonesia,Asia,South-Eastern Asia,935,920,N,Y,N,N,N,N,Y,Southeast Asia,"South Asia, Southeast Asia, and Oceania",Southeast Asia,"South Asia, Southeast Asia, and Oceania","South Asia, Southeast Asia, and Oceania",Southeast Asia
VAT,VA,336,VAT,Holy See,NA,______ _______,NA,Santa Sede,NA,Saint-Siège (le),NA,______ _______,NA,__,NA,N,Not a Member State of WHO,NA,NA,NA,NA,NA,NA,Holy See,Europe,Southern Europe,908,925,Y,N,N,N,Y,Y,N,Western Europe,High-income,NA,NA,High-income,Western Europe
PRY,PY,600,PAR,Paraguay,the Republic of Paraguay,________,_______ ________,Paraguay,la República del Paraguay,Paraguay,la République du Paraguay,________,__________ ________,___,______,M,Member State,NA,NA,AMR,NA,UMC,NA,Paraguay,Latin America and the Caribbean,South America,904,931,N,Y,N,N,Y,N,N,Tropical Latin America,LAC,Tropical Latin America,LAC,LAC,South America
LUX,LU,442,LUX,Luxembourg,the Grand Duchy of Luxembourg,_______,_____ _______ ______,Luxemburgo,el Gran Ducado de Luxemburgo,Luxembourg,le Grand-Duché de Luxembourg,__________,_______ __________ __________,___,______,M,Member State,NA,NA,EUR,NA,HIC,NA,Luxembourg,Europe,Western Europe,908,926,Y,N,N,N,Y,N,N,Western Europe,High-income,Western Europe,High-income,High-income,Western Europe
JEY,JE,832,JEY,Jersey,NA,_____,NA,Jersey,NA,Jersey,NA,______,NA,__,NA,T,Territory or Area,NA,GBR,NA,NA,NA,NA,NA,NA,NA,NA,NA,NA,NA,NA,NA,NA,NA,NA,NA,NA,NA,NA,NA,NA
ITA,IT,380,ITA,Italy,the Republic of Italy,_______,_______ _______,Italia,la República Italiana,Italie,la République italienne,______,___________ __________,___,______,M,Member State,NA,NA,EUR,NA,HIC,NA,Italy,Europe,Southern Europe,908,925,Y,N,N,N,Y,N,N,Western Europe,High-income,Western Europe,High-income,High-income,Western Europe
NCL,NC,540,NEC,New Caledonia,NA,_________ _______,NA,Nueva Caledonia,NA,Nouvelle-Calédonie (la),NA,_____ _________,NA,______,NA,T,Territory or Area,NA,FRA,WPR,NA,HIC,NA,New Caledonia,Oceania,Melanesia,909,928,N,Y,N,N,Y,N,N,Oceania,"South Asia, Southeast Asia, and Oceania",NA,NA,"South Asia, Southeast Asia, and Oceania",Oceania
PAK,PK,586,PAK,Pakistan,the Islamic Republic of Pakistan,_______,_______ _______ _________,Pakistán,la República Islámica del Pakistán,Pakistan,la République islamique du Pakistan,________,_________ __________ ________,____,__________,M,Member State,NA,NA,EMR,NA,LMC,NA,Pakistan,Asia,South-Central Asia,935,921,N,Y,N,N,N,N,Y,South Asia,"South Asia, Southeast Asia, and Oceania",South Asia,"South Asia, Southeast Asia, and Oceania","South Asia, Southeast Asia, and Oceania",South Asia
FLK,FK,238,FLK,Falkland Islands (Malvinas),NA,___ _______ (________),NA,Islas Malvinas (Falkland),NA,Falkland (les Îles)/Malouines (les Îles),NA,____________ (___________) _______,NA,____________,NA,T,Territory or Area,NA,GBR,NA,NA,NA,NA,Falkland Islands (Malvinas),Latin America and the Caribbean,South America,904,931,N,Y,N,N,Y,Y,N,Southern Latin America,LAC,NA,NA,LAC,South America
SEN,SN,686,SEN,Senegal,the Republic of Senegal,_______,_______ _______,Senegal,la República del Senegal,Sénégal,la République du Sénégal,_______,__________ _______,____,_______,M,Member State,NA,NA,AFR,NA,LMC,NA,Senegal,Africa,Western Africa,903,914,N,Y,Y,Y,Y,N,Y,Western Africa,Sub-Saharan Africa,Western Africa,Sub-Saharan Africa,Sub-Saharan Africa,Western Africa
MWI,MW,454,MAL,Malawi,the Republic of Malawi,_____,_______ _____,Malawi,la República de Malawi,Malawi,la République du Malawi,______,__________ ______,___,______,M,Member State,NA,NA,AFR,NA,LIC,NA,Malawi,Africa,Eastern Africa,903,910,N,Y,Y,Y,Y,N,Y,Eastern Africa,Sub-Saharan Africa,Eastern Africa,Sub-Saharan Africa,Sub-Saharan Africa,Eastern Africa
DZA,DZ,12,ALG,Algeria,the People’s Democratic Republic of Algeria,_______,_________ _________ ___________ _______,Argelia,la República Argelina Democrática y Popular,Algérie,la République algérienne démocratique et populaire,_____,_________ ________ _______________ __________,_____,____________,M,Member State,NA,NA,AFR,NA,LMC,NA,Algeria,Africa,Northern Africa,903,912,N,Y,N,N,N,N,N,North Africa and Middle East,North Africa and Middle East,North Africa and Middle East,North Africa and Middle East,North Africa and Middle East,North Africa and Middle East
SDN,SD,729,SUD,Sudan,the Republic of the Sudan,_______,_______ _______,Sudán,la República del Sudán,Soudan,la République du Soudan,_____,__________ _____,__,_____,M,Member State,NA,NA,EMR,NA,LIC,NA,Sudan,Africa,Northern Africa,903,912,N,Y,Y,Y,N,N,Y,North Africa and Middle East,North Africa and Middle East,North Africa and Middle East,North Africa and Middle East,North Africa and Middle East,North Africa and Middle East
BGR,BG,100,BUL,Bulgaria,the Republic of Bulgaria,_______,_______ _______,Bulgaria,la República de Bulgaria,Bulgarie,la République de Bulgarie,________,__________ ________,____,_______,M,Member State,NA,NA,EUR,NA,UMC,NA,Bulgaria,Europe,Eastern Europe,908,923,Y,N,N,N,Y,N,N,Balkans,"Central Europe, Eastern Europe, and Central Asia",Balkans,"Central Europe, Eastern Europe, and Central Asia","Central Europe, Eastern Europe, and Central Asia",Balkans
SWE,SE,752,SWE,Sweden,the Kingdom of Sweden,______,_____ ______,Suecia,el Reino de Suecia,Suède,le Royaume de Suède,______,___________ ______,__,____,M,Member State,NA,NA,EUR,NA,HIC,NA,Sweden,Europe,Northern Europe,908,924,Y,N,N,N,Y,N,N,Western Europe,High-income,Western Europe,High-income,High-income,Western Europe
SLB,SB,90,SOL,Solomon Islands,Solomon Islands,___ ______,___ ______,Islas Salomón,las Islas Salomón,Îles Salomon,les Îles Salomon,__________ _______,__________ _______,_____,_____,M,Member State,NA,NA,WPR,NA,LMC,NA,Solomon Islands,Oceania,Melanesia,909,928,N,Y,Y,N,Y,N,Y,Oceania,"South Asia, Southeast Asia, and Oceania",Oceania,"South Asia, Southeast Asia, and Oceania","South Asia, Southeast Asia, and Oceania",Oceania
CYP,CY,196,CYP,Cyprus,the Republic of Cyprus,____,_______ ____,Chipre,la República de Chipre,Chypre,la République de Chypre,____,__________ ____,____,_______,M,Member State,NA,NA,EUR,NA,HIC,NA,Cyprus,Asia,Western Asia,935,922,N,Y,N,N,Y,N,N,Western Europe,High-income,Western Europe,High-income,High-income,Western Europe
SLV,SV,222,ELS,El Salvador,the Republic of El Salvador,_________,_______ _________,El Salvador,la República de El Salvador,El Salvador,la République d'El Salvador,_________,__________ ___-_________,____,_______,M,Member State,NA,NA,AMR,NA,LMC,NA,El Salvador,Latin America and the Caribbean,Central America,904,916,N,Y,N,N,Y,N,N,Central America,LAC,Central America,LAC,LAC,Central America
ECU,EC,218,ECU,Ecuador,the Republic of Ecuador,_______,_______ _______,Ecuador,la República del Ecuador,Équateur,la République de l'Équateur,_______,__________ _______,____,_______,M,Member State,NA,NA,AMR,NA,UMC,NA,Ecuador,Latin America and the Caribbean,South America,904,931,N,Y,N,N,Y,N,N,Andean Latin America,LAC,Andean Latin America,LAC,LAC,South America
GMB,GM,270,GAM,Gambia,Republic of the Gambia,______,_______ ______,Gambia,la República de Gambia,Gambie,la République de Gambie,______,__________ ______,___,______,M,Member State,NA,NA,AFR,NA,LIC,NA,Gambia,Africa,Western Africa,903,914,N,Y,Y,Y,Y,N,Y,Western Africa,Sub-Saharan Africa,Western Africa,Sub-Saharan Africa,Sub-Saharan Africa,Western Africa
MEX,MX,484,MEX,Mexico,the United Mexican States,_______,________ _______ _________,México,los Estados Unidos Mexicanos,Mexique,les États-Unis du Mexique,_______,____________ ___________ _____,___,______,M,Member State,NA,NA,AMR,NA,UMC,NA,Mexico,Latin America and the Caribbean,Central America,904,916,N,Y,N,N,Y,N,N,Central America,LAC,Central America,LAC,LAC,Central America
PCN,PN,612,PCN,Pitcairn,NA,______,NA,Pitcairn,NA,Pitcairn,NA,_______,NA,____,NA,T,Territory or Area,NA,GBR,NA,NA,NA,NA,NA,NA,NA,NA,NA,NA,NA,NA,NA,NA,NA,NA,NA,NA,NA,NA,NA,NA
MOZ,MZ,508,MOZ,Mozambique,the Republic of Mozambique,________,_______ ________,Mozambique,la República de Mozambique,Mozambique,la République du Mozambique,________,__________ ________,____,_______,M,Member State,NA,NA,AFR,NA,LIC,NA,Mozambique,Africa,Eastern Africa,903,910,N,Y,Y,Y,Y,N,Y,Eastern Africa,Sub-Saharan Africa,Eastern Africa,Sub-Saharan Africa,Sub-Saharan Africa,Eastern Africa
GIN,GN,324,GUI,Guinea,the Republic of Guinea,_____,_______ _____,Guinea,la República de Guinea,Guinée,la République de Guinée,______,__________ __________,___,______,M,Member State,NA,NA,AFR,NA,LIC,NA,Guinea,Africa,Western Africa,903,914,N,Y,Y,Y,Y,N,Y,Western Africa,Sub-Saharan Africa,Western Africa,Sub-Saharan Africa,Sub-Saharan Africa,Western Africa
ERI,ER,232,ERI,Eritrea,Eritrea,_______,____ _______,Eritrea,el Estado de Eritrea,Érythrée,l'État d'Érythrée,_______,___________ _______,_____,______,M,Member State,NA,NA,AFR,NA,LIC,NA,Eritrea,Africa,Eastern Africa,903,910,N,Y,Y,Y,Y,N,Y,Eastern Africa,Sub-Saharan Africa,Eastern Africa,Sub-Saharan Africa,Sub-Saharan Africa,Eastern Africa
COK,CK,184,COK,Cook Islands,the Cook Islands,___ ___,___ ___,Islas Cook,las Islas Cook,Îles Cook,les Îles Cook,_______ ____,_______ ____,____,____,M,Member State,NA,NA,WPR,NA,NA,1,Cook Islands,Oceania,Polynesia,909,957,N,Y,N,N,Y,Y,N,Oceania,"South Asia, Southeast Asia, and Oceania",NA,NA,"South Asia, Southeast Asia, and Oceania",Oceania
NPL,NP,524,NEP,Nepal,the Federal Democratic Republic of Nepal,_____,_______ _____ ___________ _________,Nepal,la República Democrática Federal de Nepal,Népal,la République fédérale démocratique du Népal,_____,__________ _____,___,__________,M,Member State,NA,NA,SEAR,NA,LMC,NA,Nepal,Asia,South-Central Asia,935,921,N,Y,Y,N,N,N,Y,South Asia,"South Asia, Southeast Asia, and Oceania",South Asia,"South Asia, Southeast Asia, and Oceania","South Asia, Southeast Asia, and Oceania",South Asia
NIU,NU,570,NIU,Niue,the Republic of Niue,____,____,Niue,Niue,Nioué,Nioué,____,____,__,__,M,Member State,NA,NA,WPR,NA,NA,1,Niue,Oceania,Polynesia,909,957,N,Y,N,N,Y,Y,N,Oceania,"South Asia, Southeast Asia, and Oceania",NA,NA,"South Asia, Southeast Asia, and Oceania",Oceania
FRO,FO,234,FRO,Faroe Islands,NA,___ ____,NA,Islas Feroe,NA,Îles Féroé (les),NA,_________ _______,NA,____,NA,A,Associate Member,NA,DNK,NA,NA,NA,NA,Faroe Islands,Europe,Northern Europe,908,924,Y,N,N,N,Y,Y,N,Western Europe,High-income,NA,NA,High-income,Western Europe
STP,ST,678,STP,Sao Tome and Principe,the Democratic Republic of Sao Tome and Principe,___ ____ _________,_______ ___ ____ _________ ___________,Santo Tomé y Príncipe,la República Democrática de Santo Tomé y Príncipe,Sao Tomé-et-Principe,la République démocratique de Sao Tomé-et-Principe,___-____ _ ________,_______________ __________ ___-____ _ ________,________,_____________,M,Member State,NA,NA,AFR,NA,LMC,NA,Sao Tome and Principe,Africa,Middle Africa,903,911,N,Y,Y,Y,Y,N,Y,Western Africa,Sub-Saharan Africa,Western Africa,Sub-Saharan Africa,Sub-Saharan Africa,Western Africa
BEL,BE,56,BEL,Belgium,the Kingdom of Belgium,______,_____ ______,Bélgica,el Reino de Bélgica,Belgique,le Royaume de Belgique,_______,___________ _______,___,_____,M,Member State,NA,NA,EUR,NA,HIC,NA,Belgium,Europe,Western Europe,908,926,Y,N,N,N,Y,N,N,Western Europe,High-income,Western Europe,High-income,High-income,Western Europe
MMR,MM,104,MMR,Myanmar,the Republic of the Union of Myanmar,_______,_______ _____ _______,Myanmar,la República de la Unión de Myanmar,Myanmar,la République de l'Union du Myanmar,______,__________ ____ ______,__,_______,M,Member State,NA,NA,SEAR,NA,LMC,NA,Myanmar,Asia,South-Eastern Asia,935,920,N,Y,Y,N,N,N,Y,Southeast Asia,"South Asia, Southeast Asia, and Oceania",Southeast Asia,"South Asia, Southeast Asia, and Oceania","South Asia, Southeast Asia, and Oceania",Southeast Asia
IRN,IR,364,IRA,Iran (Islamic Republic of),the Islamic Republic of Iran,_____ (_______ - _________),_______ _____ _________,Irán (República Islámica del),la República Islámica del Irán,Iran (République islamique d'),la République islamique d'Iran,____ (_________ __________),_________ __________ ____,__________,________,M,Member State,"Use ""Iran (Islamic Republic of)"" in alphabetical lists, tables and name-plates. For other purposes, use ""the Islamic Republic of Iran"".",NA,EMR,NA,LMC,NA,Iran (Islamic Republic of),Asia,South-Central Asia,935,921,N,Y,N,N,N,N,N,North Africa and Middle East,North Africa and Middle East,North Africa and Middle East,North Africa and Middle East,North Africa and Middle East,North Africa and Middle East
AGO,AO,24,ANG,Angola,the Republic of Angola,______,_______ ______,Angola,la República de Angola,Angola,la République d'Angola,______,__________ ______,___,______,M,Member State,NA,NA,AFR,NA,LMC,NA,Angola,Africa,Middle Africa,903,911,N,Y,Y,Y,Y,N,N,Central Africa,Sub-Saharan Africa,Central Africa,Sub-Saharan Africa,Sub-Saharan Africa,Central Africa
MNP,MP,580,NMI,Northern Mariana Islands,NA,___ _______ ________,NA,Islas Marianas del Norte,NA,Mariannes du Nord (les Îles),NA,________ __________ _______,NA,_______,NA,T,Territory or Area,NA,USA,WPR,NA,HIC,NA,Northern Mariana Islands,Oceania,Micronesia,909,954,N,Y,N,N,Y,Y,N,Oceania,"South Asia, Southeast Asia, and Oceania",NA,NA,"South Asia, Southeast Asia, and Oceania",Oceania
USA,US,840,USA,United States of America,the United States of America,________ _______ _________,________ _______ _________,Estados Unidos de América,los Estados Unidos de América,États-Unis d'Amérique,les États-Unis d'Amérique,___________ _____ _______,___________ _____ _______,______,______,M,Member State,"Once the full name has been used or where space is limited (as in a table), the shorter forms ""the United States"" or ""the USA"" may be used. Do not use the abbreviation ""US"", except when referring to the US dollar.",NA,AMR,NA,HIC,NA,United States of America,Northern America,Northern America,905,905,Y,N,N,N,Y,N,N,High-income North America,High-income,High-income North America,High-income,High-income,High-income North America
VNM,VN,704,VTN,Viet Nam,the Socialist Republic of Viet Nam,____ ___,_______ ____ ___ __________,Viet Nam,la República Socialista de Viet Nam,Viet Nam,la République socialiste du Viet Nam,_______,________________ __________ _______,__,_________,M,Member State,"Do not use ""Vietnam"".",NA,WPR,NA,LMC,NA,Viet Nam,Asia,South-Eastern Asia,935,920,N,Y,N,N,N,N,Y,Vietnam,East Asia,Vietnam,East Asia,"South Asia, Southeast Asia, and Oceania",Southeast Asia
KNA,KN,659,SCN,Saint Kitts and Nevis,Saint Kitts and Nevis,____ ____ _____,____ ____ _____,Saint Kitts y Nevis,Saint Kitts y Nevis,Saint-Kitts-et-Nevis,Saint-Kitts-et-Nevis,____-____ _ _____,____-____ _ _____,_______,_______,M,Member State,NA,NA,AMR,NA,HIC,1,Saint Kitts and Nevis,Latin America and the Caribbean,Caribbean,904,915,N,Y,N,N,Y,Y,N,Caribbean,LAC,NA,NA,LAC,Caribbean
SLE,SL,694,SIL,Sierra Leone,the Republic of Sierra Leone,________,_______ ________,Sierra Leona,la República de Sierra Leona,Sierra Leone,la République de Sierra Leone,______-_____,__________ ______-_____,____,_______,M,Member State,NA,NA,AFR,NA,LIC,NA,Sierra Leone,Africa,Western Africa,903,914,N,Y,Y,Y,Y,N,Y,Western Africa,Sub-Saharan Africa,Western Africa,Sub-Saharan Africa,Sub-Saharan Africa,Western Africa
IMN,IM,833,IMN,Isle of Man,NA,_____ ___,NA,Isla de Man,NA,Île de Man,NA,______ ___,NA,___,NA,T,Territory or Area,NA,GBR,NA,NA,NA,NA,Isle of Man,Europe,Northern Europe,908,924,Y,N,N,N,Y,Y,N,Western Europe,High-income,NA,NA,High-income,Western Europe
JAM,JM,388,JAM,Jamaica,Jamaica,_______,_______,Jamaica,Jamaica,Jamaïque,la Jamaïque,______,______,___,___,M,Member State,NA,NA,AMR,NA,UMC,NA,Jamaica,Latin America and the Caribbean,Caribbean,904,915,N,Y,N,N,Y,N,N,Caribbean,LAC,Caribbean,LAC,LAC,Caribbean
LTU,LT,440,LTU,Lithuania,the Republic of Lithuania,________,_______ ________,Lituania,la República de Lituania,Lituanie,la République de Lituanie,_____,_________ __________,___,______,M,Member State,NA,NA,EUR,NA,HIC,NA,Lithuania,Europe,Northern Europe,908,924,Y,N,N,N,Y,N,N,Central Europe,"Central Europe, Eastern Europe, and Central Asia",Central Europe,"Central Europe, Eastern Europe, and Central Asia","Central Europe, Eastern Europe, and Central Asia",Central Europe
MSR,MS,500,MOT,Montserrat,NA,_________,NA,Montserrat,NA,Montserrat,NA,__________,NA,_____,NA,T,Territory or Area,NA,GBR,AMR,NA,NA,NA,Montserrat,Latin America and the Caribbean,Caribbean,904,915,N,Y,N,N,Y,Y,N,Caribbean,LAC,NA,NA,LAC,Caribbean
SYC,SC,690,SEY,Seychelles,the Republic of Seychelles,_____,_______ _____,Seychelles,la República de Seychelles,Seychelles,la République des Seychelles,___________ _______,__________ ___________ _______,___,______,M,Member State,NA,NA,AFR,NA,HIC,NA,Seychelles,Africa,Eastern Africa,903,910,N,Y,N,Y,Y,N,N,Southeast Asia,"South Asia, Southeast Asia, and Oceania",Southeast Asia,"South Asia, Southeast Asia, and Oceania","South Asia, Southeast Asia, and Oceania",Southeast Asia
AZE,AZ,31,AZE,Azerbaijan,the Republic of Azerbaijan,________,_______ ________,Azerbaiyán,la República de Azerbaiyán,Azerbaïdjan,la République d'Azerbaïdjan,___________,_______________ __________,____,_______,M,Member State,NA,NA,EUR,NA,UMC,NA,Azerbaijan,Asia,Western Asia,935,922,N,Y,N,N,N,N,N,Caucasus,"Central Europe, Eastern Europe, and Central Asia",Caucasus,"Central Europe, Eastern Europe, and Central Asia","Central Europe, Eastern Europe, and Central Asia",Caucasus
HUN,HU,348,HUN,Hungary,Hungary,_______,_______,Hungría,Hungría,Hongrie,la Hongrie,_______,_______,___,___,M,Member State,NA,NA,EUR,NA,HIC,NA,Hungary,Europe,Eastern Europe,908,923,Y,N,N,N,Y,N,N,Central Europe,"Central Europe, Eastern Europe, and Central Asia",Central Europe,"Central Europe, Eastern Europe, and Central Asia","Central Europe, Eastern Europe, and Central Asia",Central Europe
DMA,DM,212,DOM,Dominica,the Commonwealth of Dominica,________,______ ________,Dominica,el Commonwealth de Dominica,Dominique,le Commonwealth de Dominique,________,___________ ________,____,_____,M,Member State,NA,NA,AMR,NA,UMC,1,Dominica,Latin America and the Caribbean,Caribbean,904,915,N,Y,N,N,Y,Y,N,Caribbean,LAC,NA,NA,LAC,Caribbean
LAO,LA,418,LAO,Lao People's Democratic Republic,the Lao People's Democratic Republic,_______ ____ ___________ _______,_______ ____ ___________ _______,República Democrática Popular Lao,la República Democrática Popular Lao,République démocratique populaire lao,la République démocratique populaire lao,________ _______-_______________ __________,________ _______-_______________ __________,_________,_________,M,Member State,"Do not use ""Laos"".",NA,WPR,NA,LMC,NA,Lao People's Democratic Republic,Asia,South-Eastern Asia,935,920,N,Y,Y,N,N,N,Y,Southeast Asia,"South Asia, Southeast Asia, and Oceania",Southeast Asia,"South Asia, Southeast Asia, and Oceania","South Asia, Southeast Asia, and Oceania",Southeast Asia
WSM,WS,882,SMA,Samoa,the Independent State of Samoa,_____,____ _____ ________,Samoa,el Estado Independiente de Samoa,Samoa,l'État indépendant du Samoa,_____,___________ ___________ _____,___,______,M,Member State,NA,NA,WPR,NA,LMC,NA,Samoa,Oceania,Polynesia,909,957,N,Y,N,N,Y,N,N,Oceania,"South Asia, Southeast Asia, and Oceania",Oceania,"South Asia, Southeast Asia, and Oceania","South Asia, Southeast Asia, and Oceania",Oceania
URY,UY,858,URU,Uruguay,the Eastern Republic of Uruguay,________,_______ ________ _______,Uruguay,la República Oriental del Uruguay,Uruguay,la République orientale de l'Uruguay,_______,_________ __________ _______,___,________,M,Member State,NA,NA,AMR,NA,HIC,NA,Uruguay,Latin America and the Caribbean,South America,904,931,N,Y,N,N,Y,N,N,Southern Latin America,LAC,Southern Latin America,LAC,LAC,South America
KHM,KH,116,CAM,Cambodia,the Kingdom of Cambodia,_______,_____ _______,Camboya,el Reino de Camboya,Cambodge,le Royaume du Cambodge,________,___________ ________,___,_____,M,Member State,NA,NA,WPR,NA,LMC,NA,Cambodia,Asia,South-Eastern Asia,935,920,N,Y,Y,N,N,N,Y,Southeast Asia,"South Asia, Southeast Asia, and Oceania",Southeast Asia,"South Asia, Southeast Asia, and Oceania","South Asia, Southeast Asia, and Oceania",Southeast Asia
CHN,CN,156,CHN,China,the People’s Republic of China,_____,_______ _____ _______,China,la República Popular China,Chine,la République populaire de Chine,_____,_________ ________ __________,__,_______,M,Member State,NA,NA,WPR,NA,UMC,NA,China,Asia,Eastern Asia,935,906,N,Y,N,N,Y,N,N,East Asia,East Asia,East Asia,East Asia,East Asia,East Asia
VEN,VE,862,VEN,Venezuela (Bolivarian Republic of),the Bolivarian Republic of Venezuela,_______,_______ _______ ___________,Venezuela (República Bolivariana de),la República Bolivariana de Venezuela,Venezuela (République bolivarienne du),la République bolivarienne du Venezuela,_________ (______________ __________),______________ __________ _________,____(_______),___________,M,Member State,"Use ""Venezuela (Bolivarian Republic of)"" in alphabetical lists, tables and name-plates. For other purposes, use ""the Bolivarian Republic of Venezuela"".",NA,AMR,NA,NA,NA,Venezuela (Bolivarian Republic of),Latin America and the Caribbean,South America,904,931,N,Y,N,N,Y,N,N,Central America,LAC,Central America,LAC,LAC,South America
VGB,VG,92,VIB,British Virgin Islands,NA,___ _____ __________,NA,Islas Vírgenes Británicas,NA,Îles Vierges britanniques,NA,__________ __________ _______,NA,_______,NA,T,Territory or Area,NA,GBR,AMR,NA,HIC,NA,British Virgin Islands,Latin America and the Caribbean,Caribbean,904,915,N,Y,N,N,Y,Y,N,Caribbean,LAC,NA,NA,LAC,Caribbean
SJM,SJ,744,SJM,Svalbard and Jan Mayen,NA,______ ________ ____ _____,NA,Islas Svalbard y Jan Mayen,NA,Svalbard et l'Île Jan Mayen (le),NA,_______ _________ _ __-_____,NA,___________,NA,T,Territory or Area,NA,NOR,NA,NA,NA,NA,NA,NA,NA,NA,NA,NA,NA,NA,NA,NA,NA,NA,NA,NA,NA,NA,NA,NA
PNG,PG,598,PNG,Papua New Guinea,Independent State of Papua New Guinea,_____ _____ _______,____ _____ _____ _______ ________,Papua Nueva Guinea,Estado Independiente de Papua Nueva Guinea,Papouasie-Nouvelle-Guinée,l'État indépendant de Papouasie-Nouvelle-Guinée,_____-_____ ______,___________ ___________ _____-_____ ______,_______,__________,M,Member State,NA,NA,WPR,NA,LMC,NA,Papua New Guinea,Oceania,Melanesia,909,928,N,Y,N,N,Y,N,Y,Oceania,"South Asia, Southeast Asia, and Oceania",Oceania,"South Asia, Southeast Asia, and Oceania","South Asia, Southeast Asia, and Oceania",Oceania
BHR,BH,48,BAA,Bahrain,the Kingdom of Bahrain,_______,_____ _______,Bahrein,el Reino de Bahrein,Bahreïn,le Royaume de Bahreïn,_______,___________ _______,__,____,M,Member State,NA,NA,EMR,NA,HIC,NA,Bahrain,Asia,Western Asia,935,922,N,Y,N,N,N,N,N,North Africa and Middle East,North Africa and Middle East,North Africa and Middle East,North Africa and Middle East,North Africa and Middle East,North Africa and Middle East
SAU,SA,682,SAA,Saudi Arabia,the Kingdom of Saudi Arabia,_______ _______ ________,_______ _______ ________,Arabia Saudita,el Reino de la Arabia Saudita,Arabie saoudite,le Royaume d'Arabie saoudite,__________ ______,___________ __________ ______,_____,_______,M,Member State,NA,NA,EMR,NA,HIC,NA,Saudi Arabia,Asia,Western Asia,935,922,N,Y,N,N,N,N,N,North Africa and Middle East,North Africa and Middle East,North Africa and Middle East,North Africa and Middle East,North Africa and Middle East,North Africa and Middle East
NRU,NR,520,NRU,Nauru,the Republic of Nauru,_____,_______ _____,Nauru,la República de Nauru,Nauru,la République de Nauru,_____,__________ _____,__,_____,M,Member State,NA,NA,WPR,NA,HIC,1,Nauru,Oceania,Micronesia,909,954,N,Y,N,N,Y,Y,N,Oceania,"South Asia, Southeast Asia, and Oceania",NA,NA,"South Asia, Southeast Asia, and Oceania",Oceania
AUS,AU,36,AUS,Australia,Australia,________,________,Australia,Australia,Australie,l'Australie,_________,_________,____,____,M,Member State,NA,NA,WPR,NA,HIC,NA,Australia,Oceania,Australia/New Zealand,909,927,Y,N,N,N,Y,N,N,Australasia,High-income,Australasia,High-income,High-income,Australasia
ZAF,ZA,710,SOA,South Africa,the Republic of South Africa,____ _______,_______ ____ _______,Sudáfrica,la República de Sudáfrica,Afrique du Sud,la République sud-africaine,_____ ______,____-___________ __________,__,_____,M,Member State,NA,NA,AFR,NA,UMC,NA,South Africa,Africa,Southern Africa,903,913,N,Y,N,Y,Y,N,N,Southern Africa,Sub-Saharan Africa,Southern Africa,Sub-Saharan Africa,Sub-Saharan Africa,Southern Africa
BOL,BO,68,BOL,Bolivia (Plurinational State of),the Plurinational State of Bolivia,_______ (____ - ________ ________),____ _______ ________ ________,Bolivia (Estado Plurinacional de),Estado Plurinacional de Bolivia,Bolivie (État plurinational de),État plurinational de Bolivie,_______ (_________________ ___________),_________________ ___________ _______,__________,________,M,Member State,"Use ""Bolivia (Plurinational State of)"" in alphabetical lists, tables and name-plates. For other purposes, use ""the Plurinational State of Bolivia"".  Seat of Government: La Paz.",NA,AMR,NA,LMC,NA,Bolivia (Plurinational State of),Latin America and the Caribbean,South America,904,931,N,Y,N,N,Y,N,Y,Andean Latin America,LAC,Andean Latin America,LAC,LAC,South America
JOR,JO,400,JOR,Jordan,the Hashemite Kingdom of Jordan,______,_______ ________ ________,Jordania,el Reino Hachemita de Jordania,Jordanie,le Royaume hachémite de Jordanie,________,__________ ___________ ___________,__,_______,M,Member State,NA,NA,EMR,NA,UMC,NA,Jordan,Asia,Western Asia,935,922,N,Y,N,N,N,N,N,North Africa and Middle East,North Africa and Middle East,North Africa and Middle East,North Africa and Middle East,North Africa and Middle East,North Africa and Middle East
GRC,GR,300,GRE,Greece,the Hellenic Republic,_______,_________ _________,Grecia,la República Helénica,Grèce,la République hellénique,______,_________ __________,__,_____,M,Member State,NA,NA,EUR,NA,HIC,NA,Greece,Europe,Southern Europe,908,925,Y,N,N,N,Y,N,N,Western Europe,High-income,Western Europe,High-income,High-income,Western Europe
KIR,KI,296,KIR,Kiribati,the Republic of Kiribati,_______,_______ _______,Kiribati,la República de Kiribati,Kiribati,la République de Kiribati,________,__________ ________,____,_______,M,Member State,NA,NA,WPR,NA,LMC,NA,Kiribati,Oceania,Micronesia,909,954,N,Y,Y,N,Y,N,N,Oceania,"South Asia, Southeast Asia, and Oceania",Oceania,"South Asia, Southeast Asia, and Oceania","South Asia, Southeast Asia, and Oceania",Oceania
TUR,TR,792,TUR,Turkiye,the Republic of Turkiye,_____,_________ _______,Turkiye,la República de Turkiye,Turkiye,la République de Turkiye,______,________ __________,___,______,M,Member State,NA,NA,EUR,NA,UMC,NA,Turkey,Asia,Western Asia,935,922,N,Y,N,N,N,N,N,North Africa and Middle East,North Africa and Middle East,North Africa and Middle East,North Africa and Middle East,North Africa and Middle East,North Africa and Middle East
POL,PL,616,POL,Poland,the Republic of Poland,______,_______ ______,Polonia,la República de Polonia,Pologne,la République de Pologne,______,__________ ______,__,_____,M,Member State,NA,NA,EUR,NA,HIC,NA,Poland,Europe,Eastern Europe,908,923,Y,N,N,N,Y,N,N,Central Europe,"Central Europe, Eastern Europe, and Central Asia",Central Europe,"Central Europe, Eastern Europe, and Central Asia","Central Europe, Eastern Europe, and Central Asia",Central Europe
BVT,BV,74,BVT,Bouvet Island,NA,_____ _____,NA,Isla Bouvet,NA,Île Bouvet (l'),NA,______ ____,NA,___,NA,T,Territory or Area,NA,NOR,NA,NA,NA,NA,NA,NA,NA,NA,NA,NA,NA,NA,NA,NA,NA,NA,NA,NA,NA,NA,NA,NA
BMU,BM,60,BER,Bermuda,NA,______,NA,Bermuda,NA,Bermudes (les),NA,__________ _______,NA,___,NA,T,Territory or Area,NA,GBR,AMR,NA,HIC,NA,Bermuda,Northern America,Northern America,905,905,Y,N,N,N,Y,Y,N,Caribbean,LAC,NA,NA,LAC,Caribbean
FRA,FR,250,FRA,France,the French Republic,_____,_________ ________,Francia,la República Francesa,France,la République française,_______,___________ __________,__,______,M,Member State,NA,NA,EUR,NA,HIC,NA,France,Europe,Western Europe,908,926,Y,N,N,N,Y,N,N,Western Europe,High-income,Western Europe,High-income,High-income,Western Europe
TKL,TK,772,TOK,Tokelau,Tokelau,_______,NA,Tokelau,NA,Tokelau (les),NA,_______,NA,___,NA,A,Associate Member,NA,NZL,WPR,NA,NA,NA,Tokelau,Oceania,Polynesia,909,957,N,Y,N,N,Y,Y,N,Oceania,"South Asia, Southeast Asia, and Oceania",NA,NA,"South Asia, Southeast Asia, and Oceania",Oceania
MLT,MT,470,MAT,Malta,the Republic of Malta,_____,_______ _____,Malta,la República de Malta,Malte,la République de Malte,______,__________ ______,___,______,M,Member State,NA,NA,EUR,NA,HIC,NA,Malta,Europe,Southern Europe,908,925,Y,N,N,N,Y,N,N,Western Europe,High-income,Western Europe,High-income,High-income,Western Europe
GIB,GI,292,GIB,Gibraltar,NA,___ ____,NA,Gibraltar,NA,Gibraltar,NA,_________,NA,____,NA,T,Territory or Area,NA,GBR,NA,NA,NA,NA,Gibraltar,Europe,Southern Europe,908,925,Y,N,N,N,Y,Y,N,Western Europe,High-income,NA,NA,High-income,Western Europe
SSD,SS,728,SSD,South Sudan,the Republic of South Sudan,____ _______,_______ ____ _______,Sudán del Sur,la República de Sudán del Sur,Soudan du Sud,la République du Soudan du Sud,_____ _____,__________ _____ _____,___,______,M,Member State,NA,NA,AFR,NA,LIC,NA,South Sudan,Africa,Eastern Africa,903,910,N,Y,Y,Y,N,N,Y,Eastern Africa,Sub-Saharan Africa,Eastern Africa,Sub-Saharan Africa,Sub-Saharan Africa,Eastern Africa
MNE,ME,499,MNE,Montenegro,Montenegro,_____ ______,_____ ______,Montenegro,Montenegro,Monténégro,le Monténégro,__________,__________,__,__,M,Member State,"Since Montenegro and Serbia are now separate states, you can use expressions such as ""the former state union of Serbia and Montenegro"" to clarify the geographical area to which health statistics predating June 2006 apply.",NA,EUR,NA,UMC,NA,Montenegro,Europe,Southern Europe,908,925,Y,N,N,N,Y,N,N,Balkans,"Central Europe, Eastern Europe, and Central Asia",Balkans,"Central Europe, Eastern Europe, and Central Asia","Central Europe, Eastern Europe, and Central Asia",Balkans
MTQ,MQ,474,MAR,Martinique,NA,________,NA,Martinica,NA,Martinique (la),NA,_________,NA,____,NA,T,Territory or Area,NA,FRA,NA,NA,NA,NA,Martinique,Latin America and the Caribbean,Caribbean,904,915,N,Y,N,N,Y,N,N,Caribbean,LAC,Caribbean,LAC,LAC,Caribbean
AIA,AI,660,ANU,Anguilla,NA,_______,NA,Anguila,NA,Anguilla,NA,_______,NA,___,NA,T,Territory or Area,NA,GBR,AMR,NA,NA,NA,Anguilla,Latin America and the Caribbean,Caribbean,904,915,N,Y,N,N,Y,Y,N,Caribbean,LAC,NA,NA,LAC,Caribbean
WLF,WF,876,WAF,Wallis and Futuna,NA,___ _____ _______,NA,Islas Wallis y Futuna,NA,Wallis-et-Futuna,NA,_______ ______ _ ______,NA,___________,NA,T,Territory or Area,NA,FRA,WPR,NA,NA,NA,Wallis and Futuna Islands,Oceania,Polynesia,909,957,N,Y,N,N,Y,Y,N,Oceania,"South Asia, Southeast Asia, and Oceania",NA,NA,"South Asia, Southeast Asia, and Oceania",Oceania
GLP,GP,312,GUA,Guadeloupe,NA,_______,NA,Guadalupe,NA,Guadeloupe (la),NA,_________,NA,____,NA,T,Territory or Area,NA,FRA,NA,NA,NA,NA,Guadeloupe,Latin America and the Caribbean,Caribbean,904,915,N,Y,N,N,Y,N,N,Caribbean,LAC,Caribbean,LAC,LAC,Caribbean
TLS,TL,626,TLS,Timor-Leste,the Democratic Republic of Timor-Leste,_____- _____,_______ _____ - _____ ___________,Timor-Leste,la República Democrática de Timor-Leste,Timor-Leste,la République démocratique du Timor-Leste,_____-_____,_______________ __________ _____-_____,___,________,M,Member State,NA,NA,SEAR,NA,LMC,NA,Timor-Leste,Asia,South-Eastern Asia,935,920,N,Y,Y,N,N,N,Y,Southeast Asia,"South Asia, Southeast Asia, and Oceania",Southeast Asia,"South Asia, Southeast Asia, and Oceania","South Asia, Southeast Asia, and Oceania",Southeast Asia
SOM,SO,706,SOM,Somalia,the Federal Republic of Somalia,_______,_______ _______ _________,Somalia,la República Federal de Somalia,Somalie,la République fédérale de Somalie,______,____________ __________ ______,___,________,M,Member State,NA,NA,EMR,NA,LIC,NA,Somalia,Africa,Eastern Africa,903,910,N,Y,Y,Y,N,N,Y,Eastern Africa,Sub-Saharan Africa,Eastern Africa,Sub-Saharan Africa,Sub-Saharan Africa,Eastern Africa
TUV,TV,798,TUV,Tuvalu,Tuvalu,______,______,Tuvalu,Tuvalu,Tuvalu,Tuvalu,______,______,___,___,M,Member State,NA,NA,WPR,NA,UMC,1,Tuvalu,Oceania,Polynesia,909,957,N,Y,Y,N,Y,Y,N,Oceania,"South Asia, Southeast Asia, and Oceania",NA,NA,"South Asia, Southeast Asia, and Oceania",Oceania
KGZ,KG,417,KGZ,Kyrgyzstan,the Kyrgyz Republic,__________,_______ __________,Kirguistán,la República Kirguisa,Kirghizistan,la République kirghize,__________,__________ __________,______,_______,M,Member State,NA,NA,EUR,NA,LMC,NA,Kyrgyzstan,Asia,South-Central Asia,935,921,N,Y,N,N,Y,N,Y,Central Asia,"Central Europe, Eastern Europe, and Central Asia",Central Asia,"Central Europe, Eastern Europe, and Central Asia","Central Europe, Eastern Europe, and Central Asia",Central Asia
MDA,MD,498,MDA,Republic of Moldova,the Republic of Moldova,_______ _______,_______ _______,la República de Moldova,la República de Moldova,République de Moldova,la République de Moldova,__________ _______,__________ _______,_______,_______,M,Member State,NA,NA,EUR,NA,UMC,NA,Republic of Moldova,Europe,Eastern Europe,908,923,Y,N,N,N,Y,N,N,Eastern Europe,"Central Europe, Eastern Europe, and Central Asia",Eastern Europe,"Central Europe, Eastern Europe, and Central Asia","Central Europe, Eastern Europe, and Central Asia",Eastern Europe
TGO,TG,768,TOG,Togo,the Togolese Republic,____,_______ ____,Togo (el),la República Togolesa,Togo,la République togolaise,____,___________ __________,__,_____,M,Member State,NA,NA,AFR,NA,LIC,NA,Togo,Africa,Western Africa,903,914,N,Y,Y,Y,Y,N,Y,Western Africa,Sub-Saharan Africa,Western Africa,Sub-Saharan Africa,Sub-Saharan Africa,Western Africa
TTO,TT,780,TRT,Trinidad and Tobago,the Republic of Trinidad and Tobago,________ _______,_______ ________ _______,Trinidad y Tabago,la República de Trinidad y Tabago,Trinité-et-Tobago,la République de Trinité-et-Tobago,________ _ ______,__________ ________ _ ______,________,___________,M,Member State,NA,NA,AMR,NA,HIC,NA,Trinidad and Tobago,Latin America and the Caribbean,Caribbean,904,915,N,Y,N,N,Y,N,N,Caribbean,LAC,Caribbean,LAC,LAC,Caribbean
DNK,DK,208,DEN,Denmark,the Kingdom of Denmark,________,_____ ________,Dinamarca,el Reino de Dinamarca,Danemark,le Royaume du Danemark,_____,___________ _____,__,____,M,Member State,NA,NA,EUR,NA,HIC,NA,Denmark,Europe,Northern Europe,908,924,Y,N,N,N,Y,N,N,Western Europe,High-income,Western Europe,High-income,High-income,Western Europe
AFG,AF,4,AFG,Afghanistan,the Islamic Republic of  Afghanistan,_________,_______ _________ _________,Afganistán,República Islámica del Afganistán,Afghanistan,République islamique d'Afghanistan,__________,_________ __________ __________,___,_________,M,Member State,NA,NA,EMR,NA,LIC,NA,Afghanistan,Asia,South-Central Asia,935,921,N,Y,Y,N,N,N,Y,North Africa and Middle East,North Africa and Middle East,North Africa and Middle East,North Africa and Middle East,North Africa and Middle East,North Africa and Middle East
CPV,CV,132,CAV,Cabo Verde,the Republic of Cabo Verde,____ _____,_______ ____ _____,Cabo Verde,la República de Cabo Verde,Cabo Verde,la République de Cabo Verde,____-_____,__________ ____-_____,___,______,M,Member State,NA,NA,AFR,NA,LMC,NA,Cabo Verde,Africa,Western Africa,903,914,N,Y,N,Y,Y,N,N,Western Africa,Sub-Saharan Africa,Western Africa,Sub-Saharan Africa,Sub-Saharan Africa,Western Africa
BRB,BB,52,BAR,Barbados,Barbados,_______,_______,Barbados,Barbados,Barbade,la Barbade,________,________,____,____,M,Member State,NA,NA,AMR,AMRO,HIC,NA,Barbados,Latin America and the Caribbean,Caribbean,904,915,N,Y,N,N,Y,N,N,Caribbean,LAC,Caribbean,LAC,LAC,Caribbean
GBR,GB,826,UNK,United Kingdom of Great Britain and Northern Ireland,the United Kingdom of Great Britain and Northern Ireland,_______ _______ _________ ______ ________ ________,_______ _______ _________ ______ ________ ________,Reino Unido de Gran Bretaña e Irlanda del Norte,el Reino Unido (de Gran Bretaña e Irlanda del Norte),Royaume-Uni de Grande-Bretagne et d'Irlande du Nord,le Royaume-Uni (de Grande- Bretagne et d'Irlande du Nord),___________ ___________ ______________ _ ________ ________,___________ ___________ ______________ _ ________ ________,_____________,_____________,M,Member State,"Use ""the United Kingdom of Great Britain and Northern Ireland"" on title pages, in signatures and in recording nominations, elections and votes. In addresses, mention the specific area (England, Northern Ireland, Scotland or Wales). Once the full name has",NA,EUR,NA,HIC,NA,United Kingdom of Great Britain and Northern Ireland,Europe,Northern Europe,908,924,Y,N,N,N,Y,N,N,Western Europe,High-income,Western Europe,High-income,High-income,Western Europe
GUM,GU,316,GUM,Guam,NA,____,NA,Guam,NA,Guam,NA,____,NA,__,NA,T,Territory or Area,NA,USA,WPR,NA,HIC,NA,Guam,Oceania,Micronesia,909,954,N,Y,N,N,Y,N,N,Oceania,"South Asia, Southeast Asia, and Oceania",Oceania,"South Asia, Southeast Asia, and Oceania","South Asia, Southeast Asia, and Oceania",Oceania
AND,AD,20,AND,Andorra,the Principality of Andorra,______,_____ ______,Andorra,el Principado de Andorra,Andorre,la Principauté d'Andorre,_______,_________ _______,___,_____,M,Member State,NA,NA,EUR,NA,HIC,1,Andorra,Europe,Southern Europe,908,925,Y,N,N,N,Y,Y,N,Western Europe,High-income,NA,NA,High-income,Western Europe
TCA,TC,796,TCA,Turks and Caicos Islands,NA,___ ____ _______,NA,Islas Turcas y Caicos,NA,Turks-et-Caïcos (les Îles),NA,_______ _____ _ ______,NA,_________,NA,T,Territory or Area,NA,GBR,AMR,NA,HIC,NA,Turks and Caicos Islands,Latin America and the Caribbean,Caribbean,904,915,N,Y,N,N,Y,Y,N,Caribbean,LAC,NA,NA,LAC,Caribbean
ISR,IL,376,ISR,Israel,the State of Israel,_______,____ _______,Israel,el Estado de Israel,Israël,l'État d'Israël,_______,___________ _______,___,____,M,Member State,"Do not refer to either Tel Aviv or Jerusalem as the capital. WHO follows United Nations practice and omits references to the capital of Israel or leaves a blank space. See also the notes for  ""West Bank and Gaza Strip"".",NA,EUR,NA,HIC,NA,Israel,Asia,Western Asia,935,922,N,Y,N,N,Y,N,N,Western Europe,High-income,Western Europe,High-income,High-income,Western Europe
NGA,NG,566,NIE,Nigeria,the Federal Republic of Nigeria,_______,_______ _______ _________,Nigeria,la República Federal de Nigeria,Nigéria,la République fédérale du Nigéria,_______,____________ __________ _______,____,_________,M,Member State,NA,NA,AFR,NA,LMC,NA,Nigeria,Africa,Western Africa,903,914,N,Y,N,Y,Y,N,Y,Western Africa,Sub-Saharan Africa,Western Africa,Sub-Saharan Africa,Sub-Saharan Africa,Western Africa
GNQ,GQ,226,EQG,Equatorial Guinea,the Republic of Equatorial Guinea,_____ __________,_______ _____ __________,Guinea Ecuatorial,la República de Guinea Ecuatorial,Guinée équatoriale,la République de Guinée équatoriale,______________ ______,__________ ______________ ______,_____,________,M,Member State,NA,NA,AFR,NA,UMC,NA,Equatorial Guinea,Africa,Middle Africa,903,911,N,Y,Y,Y,Y,N,N,Central Africa,Sub-Saharan Africa,Central Africa,Sub-Saharan Africa,Sub-Saharan Africa,Central Africa
SVN,SI,705,SVN,Slovenia,the Republic of Slovenia,________,_______ ________,Eslovenia,la República de Eslovenia,Slovénie,la République de Slovénie,________,__________ ________,_____,________,M,Member State,NA,NA,EUR,NA,HIC,NA,Slovenia,Europe,Southern Europe,908,925,Y,N,N,N,Y,N,N,Central Europe,"Central Europe, Eastern Europe, and Central Asia",Central Europe,"Central Europe, Eastern Europe, and Central Asia","Central Europe, Eastern Europe, and Central Asia",Central Europe
COM,KM,174,COM,Comoros,the Union of the Comoros,___ _____,_____ ___ _____,Comoras,la Unión de las Comoras,Comores,l'Union des Comores,_________ _______,____ _________ ________,___,_____,M,Member State,NA,NA,AFR,NA,LMC,NA,Comoros,Africa,Eastern Africa,903,910,N,Y,Y,Y,Y,N,Y,Eastern Africa,Sub-Saharan Africa,Eastern Africa,Sub-Saharan Africa,Sub-Saharan Africa,Eastern Africa
BTN,BT,64,BHU,Bhutan,the Kingdom of Bhutan,_____,_____ _____,Bhután,el Reino de Bhután,Bhoutan,le Royaume du Bhoutan,_____,___________ _____,__,____,M,Member State,NA,NA,SEAR,NA,LMC,NA,Bhutan,Asia,South-Central Asia,935,921,N,Y,Y,N,N,N,Y,South Asia,"South Asia, Southeast Asia, and Oceania",South Asia,"South Asia, Southeast Asia, and Oceania","South Asia, Southeast Asia, and Oceania",South Asia
PER,PE,604,PER,Peru,the Republic of Peru,____,_______ ____,Perú,la República del Perú,Pérou,la République du Pérou,____,__________ ____,__,_____,M,Member State,NA,NA,AMR,NA,UMC,NA,Peru,Latin America and the Caribbean,South America,904,931,N,Y,N,N,Y,N,N,Andean Latin America,LAC,Andean Latin America,LAC,LAC,South America
GUF,GF,254,FRG,French Guiana,NA,_____ ________,NA,Guayana Francesa,NA,Guyane française (la),NA,___________ ______,NA,_____,NA,T,Territory or Area,NA,FRA,NA,NA,NA,NA,French Guiana,Latin America and the Caribbean,South America,904,931,N,Y,N,N,Y,N,N,Caribbean,LAC,Caribbean,LAC,LAC,South America
THA,TH,764,THA,Thailand,the Kingdom of Thailand,______,_____ ______,Tailandia,el Reino de Tailandia,Thaïlande,le Royaume de Thaïlande,_______,___________ _______,__,___,M,Member State,NA,NA,SEAR,NA,UMC,NA,Thailand,Asia,South-Eastern Asia,935,920,N,Y,N,N,Y,N,N,Southeast Asia,"South Asia, Southeast Asia, and Oceania",Southeast Asia,"South Asia, Southeast Asia, and Oceania","South Asia, Southeast Asia, and Oceania",Southeast Asia
RUS,RU,643,RUS,Russian Federation,the Russian Federation,_______ ______,_______ ______,Federación de Rusia,la Federación de Rusia,Fédération de Russie,la Fédération de Russie,__________ _________,__________ _________,_____,_____,M,Member State,NA,NA,EUR,NA,UMC,NA,Russian Federation,Europe,Eastern Europe,908,923,Y,N,N,N,Y,N,N,Eastern Europe,"Central Europe, Eastern Europe, and Central Asia",Eastern Europe,"Central Europe, Eastern Europe, and Central Asia","Central Europe, Eastern Europe, and Central Asia",Eastern Europe
COL,CO,170,COL,Colombia,the Republic of Colombia,________,_______ ________,Colombia,la República de Colombia,Colombie,la République de Colombie,________,__________ ________,____,_______,M,Member State,NA,NA,AMR,NA,UMC,NA,Colombia,Latin America and the Caribbean,South America,904,931,N,Y,N,N,Y,N,N,Central America,LAC,Central America,LAC,LAC,South America
MYS,MY,458,MAA,Malaysia,Malaysia,_______,_______,Malasia,Malasia,Malaisie,la Malaisie,________,________,____,____,M,Member State,NA,NA,WPR,NA,UMC,NA,Malaysia,Asia,South-Eastern Asia,935,920,N,Y,N,N,N,N,N,Southeast Asia,"South Asia, Southeast Asia, and Oceania",Southeast Asia,"South Asia, Southeast Asia, and Oceania","South Asia, Southeast Asia, and Oceania",Southeast Asia
CMR,CM,120,CAE,Cameroon,the Republic of Cameroon,_________,_______ _________,Camerún,la República del Camerún,Cameroun,la République du Cameroun,_______,__________ _______,___,______,M,Member State,NA,NA,AFR,NA,LMC,NA,Cameroon,Africa,Middle Africa,903,911,N,Y,N,Y,Y,N,Y,Western Africa,Sub-Saharan Africa,Western Africa,Sub-Saharan Africa,Sub-Saharan Africa,Western Africa
CXR,CX,162,CXR,Christmas Island,NA,_____ _______,NA,Isla Christmas,NA,Christmas (l'Île ),NA,______ _________,NA,___,NA,T,Territory or Area,NA,AUS,NA,NA,NA,NA,NA,NA,NA,NA,NA,NA,NA,NA,NA,NA,NA,NA,NA,NA,NA,NA,NA,NA
EST,EE,233,EST,Estonia,the Republic of Estonia,_______,_______ _______,Estonia,la República de Estonia,Estonie,la République d'Estonie,_______,_________ __________,____,_______,M,Member State,NA,NA,EUR,NA,HIC,NA,Estonia,Europe,Northern Europe,908,924,Y,N,N,N,Y,N,N,Baltics,"Central Europe, Eastern Europe, and Central Asia",Baltics,"Central Europe, Eastern Europe, and Central Asia","Central Europe, Eastern Europe, and Central Asia",Baltics
DOM,DO,214,DOR,Dominican Republic,the Dominican Republic,_________ ___________,_________ ___________,República Dominicana,la República Dominicana,République dominicaine,la République dominicaine,_____________ __________,_____________ __________,____,_______,M,Member State,NA,NA,AMR,NA,UMC,NA,Dominican Republic,Latin America and the Caribbean,Caribbean,904,915,N,Y,N,N,Y,N,N,Caribbean,LAC,Caribbean,LAC,LAC,Caribbean
HKG,HK,344,HOK,"China, Hong Kong SAR","China, Hong Kong Special Administrative Region",______ _____ ____ ____ ________ ______,NA,"China, región administrativa especial de Hong Kong",NA,"Chine, région administrative spéciale de Hong Kong",NA,"_____, ___________ ________________ _____ _______",NA,_________,NA,T,Territory or Area,"Do not use ""Hong Kong"". If data for this area are to be presented separately from those for China in a list or table, give them immediately after those for China, with the identification ""China, Hong Kong SAR"".",CHN,WPR,NA,HIC,NA,"China, Hong Kong Special Administrative Region",Asia,Eastern Asia,935,906,N,Y,N,N,Y,N,N,High-income Asia Pacific,High-income,High-income Asia Pacific,High-income,High-income,High-income Asia Pacific
FJI,FJ,242,FIJ,Fiji,the Republic of Fiji,____,_______ ____,Fiji,la República de Fiji,Fidji,la République des Fidji,_____,__________  _____,__,_____,M,Member State,NA,NA,WPR,NA,UMC,NA,Fiji,Oceania,Melanesia,909,928,N,Y,N,N,Y,N,N,Oceania,"South Asia, Southeast Asia, and Oceania",Oceania,"South Asia, Southeast Asia, and Oceania","South Asia, Southeast Asia, and Oceania",Oceania
DEU,DE,276,DEU,Germany,the Federal Republic of Germany,_______,_______ _______ _________,Alemania,la República Federal de Alemania,Allemagne,la République fédérale d'Allemagne,________,____________ __________ ________,__,________,M,Member State,"Avoid pre-1990 names for Germany: ""the former Federal Republic of Germany"" is not acceptable. You can use expressions such as ""the Federal Republic of Germany before reunification"" and ""the former German Democratic Republic"", or ""western Germany"" and ""eas",NA,EUR,NA,HIC,NA,Germany,Europe,Western Europe,908,926,Y,N,N,N,Y,N,N,Western Europe,High-income,Western Europe,High-income,High-income,Western Europe
GTM,GT,320,GUT,Guatemala,the Republic of Guatemala,_________,_______ _________,Guatemala,la República de Guatemala,Guatemala,la République du Guatemala,_________,__________ _________,____,_______,M,Member State,NA,NA,AMR,NA,UMC,NA,Guatemala,Latin America and the Caribbean,Central America,904,916,N,Y,N,N,Y,N,N,Central America,LAC,Central America,LAC,LAC,Central America
TKM,TM,795,TKM,Turkmenistan,Turkmenistan,__________,__________,Turkmenistán,Turkmenistán,Turkménistan,le Turkménistan,____________,____________,_____,_____,M,Member State,NA,NA,EUR,NA,UMC,NA,Turkmenistan,Asia,South-Central Asia,935,921,N,Y,N,N,N,N,N,Central Asia,"Central Europe, Eastern Europe, and Central Asia",Central Asia,"Central Europe, Eastern Europe, and Central Asia","Central Europe, Eastern Europe, and Central Asia",Central Asia
ALA,AX,248,ALA,Åland Islands,NA,___ _____,NA,Islas Åland,NA,Îles Åland (les),NA,_________ _______,NA,____,NA,T,Territory or Area,NA,FIN,NA,NA,NA,NA,NA,NA,NA,NA,NA,NA,NA,NA,NA,NA,NA,NA,NA,NA,NA,NA,NA,NA
SMR,SM,674,SMR,San Marino,the Republic of San Marino,___ ______,_______ ___ ______,San Marino,la República de San Marino,Saint-Marin,la République de Saint-Marin,___-______,__________ ___-______,____,_______,M,Member State,NA,NA,EUR,NA,HIC,1,San Marino,Europe,Southern Europe,908,925,Y,N,N,N,Y,Y,N,Western Europe,High-income,NA,NA,High-income,Western Europe
MCO,MC,492,MON,Monaco,the Principality of Monaco,______,_____ ______,Mónaco,el Principado de Mónaco,Monaco,la Principauté de Monaco,______,_________ ______,___,_____,M,Member State,NA,NA,EUR,NA,HIC,1,Monaco,Europe,Western Europe,908,926,Y,N,N,N,Y,Y,N,Western Europe,High-income,NA,NA,High-income,Western Europe
NLD,NL,528,NET,Netherlands,the Kingdom of  the Netherlands,______,_____ ______,Países Bajos,el Reino de los Países Bajos,Pays-Bas,le Royaume des Pays-Bas,__________,___________ ___________,__,____,M,Member State,Seat of Government: The Hague.,NA,EUR,NA,HIC,NA,Netherlands,Europe,Western Europe,908,926,Y,N,N,N,Y,N,N,Western Europe,High-income,Western Europe,High-income,High-income,Western Europe
LIE,LI,438,LIE,Liechtenstein,NA,__________,NA,Liechtenstein,NA,Liechtenstein (le),NA,___________,NA,_____,NA,N,Not a Member State of WHO,NA,NA,NA,NA,NA,NA,Liechtenstein,Europe,Western Europe,908,926,Y,N,N,N,Y,Y,N,Western Europe,High-income,NA,NA,High-income,Western Europe
NER,NE,562,NIG,Niger,the Republic of the Niger,______,_______ ______,Níger,la República del Níger,Niger,la République du Niger,_____,__________ _____,___,______,M,Member State,NA,NA,AFR,NA,LIC,NA,Niger,Africa,Western Africa,903,914,N,Y,Y,Y,N,N,Y,Western Africa,Sub-Saharan Africa,Western Africa,Sub-Saharan Africa,Sub-Saharan Africa,Western Africa
BFA,BF,854,BFA,Burkina Faso,Burkina Faso,_______ ____,_______ ____,Burkina Faso,Burkina Faso,Burkina Faso,le Burkina Faso,_______-____,_______-____,_____,_____,M,Member State,NA,NA,AFR,NA,LIC,NA,Burkina Faso,Africa,Western Africa,903,914,N,Y,Y,Y,Y,N,Y,Western Africa,Sub-Saharan Africa,Western Africa,Sub-Saharan Africa,Sub-Saharan Africa,Western Africa
NZL,NZ,554,NEZ,New Zealand,New Zealand,_________,_________,Nueva Zelandia,Nueva Zelandia,Nouvelle-Zélande,la Nouvelle-Zélande,_____ ________,_____ ________,___,___,M,Member State,NA,NA,WPR,NA,HIC,NA,New Zealand,Oceania,Australia/New Zealand,909,927,Y,N,N,N,Y,N,N,Australasia,High-income,Australasia,High-income,High-income,Australasia
PHL,PH,608,PHL,Philippines,the Republic of the Philippines,_______,_______ _______,Filipinas,la República de Filipinas,Philippines,la République des Philippines,_________,__________ _________,___,______,M,Member State,NA,NA,WPR,NA,LMC,NA,Philippines,Asia,South-Eastern Asia,935,920,N,Y,N,N,Y,N,Y,Southeast Asia,"South Asia, Southeast Asia, and Oceania",Southeast Asia,"South Asia, Southeast Asia, and Oceania","South Asia, Southeast Asia, and Oceania",Southeast Asia
CYM,KY,136,CAY,Cayman Islands,NA,___ _____,NA,Islas Caimán,NA,Caïmans (les Îles),NA,_______ ______,NA,____,NA,T,Territory or Area,NA,GBR,AMR,NA,HIC,NA,Cayman Islands,Latin America and the Caribbean,Caribbean,904,915,N,Y,N,N,Y,Y,N,Caribbean,LAC,NA,NA,LAC,Caribbean
SHN,SH,654,SAH,Saint Helena,NA,____ ______,NA,Santa Elena,NA,"Sainte-Hélène, Ascension et Tristan da Cunha",NA,______ ______ _____,NA,____,NA,T,Territory or Area,NA,GBR,NA,NA,NA,NA,Saint Helena,Africa,Western Africa,903,914,N,Y,N,Y,Y,Y,N,Western Africa,Sub-Saharan Africa,NA,NA,Sub-Saharan Africa,Western Africa
HTI,HT,332,HAI,Haiti,the Republic of Haiti,_____,_______ _____,Haití,la República de Haití,Haïti,la République d'Haïti,_____,__________ _____,__,_____,M,Member State,NA,NA,AMR,NA,LMC,NA,Haiti,Latin America and the Caribbean,Caribbean,904,915,N,Y,Y,N,Y,N,Y,Caribbean,LAC,Caribbean,LAC,LAC,Caribbean
ABW,AW,533,ARU,Aruba,NA,_____,NA,Aruba,NA,Aruba,NA,_____,NA,___,NA,T,Territory or Area,NA,NLD,AMR,NA,HIC,NA,Aruba,Latin America and the Caribbean,Caribbean,904,915,N,Y,N,N,Y,N,N,Caribbean,LAC,Caribbean,LAC,LAC,Caribbean
UKR,UA,804,UKR,Ukraine,Ukraine,________,________,Ucrania,Ucrania,Ukraine,l'Ukraine,_______,_______,___,___,M,Member State,NA,NA,EUR,NA,LMC,NA,Ukraine,Europe,Eastern Europe,908,923,Y,N,N,N,Y,N,N,Eastern Europe,"Central Europe, Eastern Europe, and Central Asia",Eastern Europe,"Central Europe, Eastern Europe, and Central Asia","Central Europe, Eastern Europe, and Central Asia",Eastern Europe
TON,TO,776,TON,Tonga,the Kingdom of Tonga,_____,_____ _____,Tonga,el Reino de Tonga,Tonga,le Royaume des Tonga,_____,___________ _____,__,____,M,Member State,NA,NA,WPR,NA,UMC,NA,Tonga,Oceania,Polynesia,909,957,N,Y,N,N,Y,N,N,Oceania,"South Asia, Southeast Asia, and Oceania",Oceania,"South Asia, Southeast Asia, and Oceania","South Asia, Southeast Asia, and Oceania",Oceania
KEN,KE,404,KEN,Kenya,the Republic of Kenya,_____,_______ _____,Kenya,la República de Kenya,Kenya,la République du Kenya,_____,__________ _____,___,______,M,Member State,NA,NA,AFR,NA,LMC,NA,Kenya,Africa,Eastern Africa,903,910,N,Y,N,Y,Y,N,Y,Eastern Africa,Sub-Saharan Africa,Eastern Africa,Sub-Saharan Africa,Sub-Saharan Africa,Eastern Africa
BIH,BA,70,BIH,Bosnia and Herzegovina,Bosnia and Herzegovina,_______ _______,_______ _______,Bosnia y Herzegovina,Bosnia y Herzegovina,Bosnie-Herzégovine,la Bosnie-Herzégovine,______ _ ___________,______ _ ___________,__________,__________,M,Member State,NA,NA,EUR,NA,UMC,NA,Bosnia and Herzegovina,Europe,Southern Europe,908,925,Y,N,N,N,Y,N,N,Balkans,"Central Europe, Eastern Europe, and Central Asia",Balkans,"Central Europe, Eastern Europe, and Central Asia","Central Europe, Eastern Europe, and Central Asia",Balkans
ETH,ET,231,ETH,Ethiopia,the Federal Democratic Republic of Ethiopia,_______,_______ _______ ___________ _________,Etiopía,la República Democrática Federal de Etiopía,Éthiopie,la République fédérale démocratique d'Éthiopie,_______,____________ _______________ __________ _______,_____,____________,M,Member State,NA,NA,AFR,NA,LIC,NA,Ethiopia,Africa,Eastern Africa,903,910,N,Y,Y,Y,Y,N,Y,Eastern Africa,Sub-Saharan Africa,Eastern Africa,Sub-Saharan Africa,Sub-Saharan Africa,Eastern Africa
KWT,KW,414,KUW,Kuwait,the State of Kuwait,______,____ ______,Kuwait,el Estado de Kuwait,Koweït,l'État du Koweït,______,___________ ______,___,____,M,Member State,NA,NA,EMR,NA,HIC,NA,Kuwait,Asia,Western Asia,935,922,N,Y,N,N,N,N,N,North Africa and Middle East,North Africa and Middle East,North Africa and Middle East,North Africa and Middle East,North Africa and Middle East,North Africa and Middle East
ARE,AE,784,UAE,United Arab Emirates,the United Arab Emirates,________ _______ _______,________ _______ _______,Emiratos Árabes Unidos,los Emiratos Árabes Unidos,Émirats arabes unis,les Émirats arabes unis,____________ ________ _______,____________ ________ _______,________,________,M,Member State,NA,NA,EMR,NA,HIC,NA,United Arab Emirates,Asia,Western Asia,935,922,N,Y,N,N,N,N,N,North Africa and Middle East,North Africa and Middle East,North Africa and Middle East,North Africa and Middle East,North Africa and Middle East,North Africa and Middle East
SWZ,SZ,748,SWZ,Eswatini,the Kingdom of Eswatini,________,_____ ________,Eswatini,el Reino de Eswatini,Eswatini,le Royaume d’Eswatini,________,___________ ________,____,______,M,Member State,NA,NA,AFR,NA,LMC,NA,Swaziland,Africa,Southern Africa,903,913,N,Y,N,Y,Y,N,N,Southern Africa,Sub-Saharan Africa,Southern Africa,Sub-Saharan Africa,Sub-Saharan Africa,Southern Africa
ISL,IS,352,ICE,Iceland,the Republic of Iceland,_______,_______ _______,Islandia,la República de Islandia,Islande,la République d'Islande,________,__________ ________,__,_____,M,Member State,NA,NA,EUR,NA,HIC,NA,Iceland,Europe,Northern Europe,908,924,Y,N,N,N,Y,N,N,Western Europe,High-income,Western Europe,High-income,High-income,Western Europe
TJK,TJ,762,TJK,Tajikistan,the Republic of Tajikistan,_________,_______ _________,Tayikistán,la República de Tayikistán,Tadjikistan,la République du Tadjikistan,___________,__________ ___________,_____,________,M,Member State,NA,NA,EUR,NA,LMC,NA,Tajikistan,Asia,South-Central Asia,935,921,N,Y,N,N,N,N,Y,Central Asia,"Central Europe, Eastern Europe, and Central Asia",Central Asia,"Central Europe, Eastern Europe, and Central Asia","Central Europe, Eastern Europe, and Central Asia",Central Asia
SXM,SX,534,SXM,Sint Maarten (Dutch part),NA,____ _____ (_____ ________),NA,San Martín (parte Holandesa),NA,Saint-Martin (partie néerlandaise),NA,____-______ (_____________ _____),NA,_______,NA,T,Territory or Area,NA,NLD,AMR,NA,HIC,NA,Sint Maarten (Dutch part),Latin America and the Caribbean,Caribbean,904,915,N,Y,N,N,Y,Y,N,Caribbean,LAC,NA,NA,LAC,Caribbean
GAB,GA,266,GAB,Gabon,the Gabonese Republic,_____,_______ _______,Gabón,la República Gabonesa,Gabon,la République gabonaise,_____,_________ __________,__,_____,M,Member State,NA,NA,AFR,NA,UMC,NA,Gabon,Africa,Middle Africa,903,911,N,Y,N,Y,Y,N,N,Central Africa,Sub-Saharan Africa,Central Africa,Sub-Saharan Africa,Sub-Saharan Africa,Central Africa
NFK,NF,574,NFK,Norfolk Island,NA,_____ _______,NA,Isla Norfolk,NA,Île Norfolk (l'),NA,______ _______,NA,____,NA,T,Territory or Area,NA,AUS,NA,NA,NA,NA,NA,NA,NA,NA,NA,NA,NA,NA,NA,NA,NA,NA,NA,NA,NA,NA,NA,NA
BHS,BS,44,BAH,Bahamas,the Commonwealth of the Bahamas,___ _______,______ ___ _______,Bahamas,el Commonwealth de las Bahamas,Bahamas,le Commonwealth des Bahamas,_________ _______,___________ _________ ________,___,____,M,Member State,NA,NA,AMR,NA,HIC,NA,Bahamas,Latin America and the Caribbean,Caribbean,904,915,N,Y,N,N,Y,N,N,Caribbean,LAC,Caribbean,LAC,LAC,Caribbean
BRA,BR,76,BRA,Brazil,the Federative Republic of Brazil,________,_________ _________ __________,Brasil,la República Federativa del Brasil,Brésil,la République fédérative du Brésil,________,____________ __________ ________,__,_______,M,Member State,NA,NA,AMR,NA,UMC,NA,Brazil,Latin America and the Caribbean,South America,904,931,N,Y,N,N,Y,N,N,Tropical Latin America,LAC,Tropical Latin America,LAC,LAC,South America
CRI,CR,188,COR,Costa Rica,the Republic of Costa Rica,_________,_______ _________,Costa Rica,la República de Costa Rica,Costa Rica,la République du Costa Rica,_____-____,__________ _____-____,_____,________,M,Member State,NA,NA,AMR,NA,UMC,NA,Costa Rica,Latin America and the Caribbean,Central America,904,916,N,Y,N,N,Y,N,N,Central America,LAC,Central America,LAC,LAC,Central America
CCK,CC,166,CCK,Cocos (Keeling) Islands,NA,___ ____ (______),NA,Islas Cocos (Keeling),NA,Cocos (les Îles)/ Keeling (les Îles),NA,_________ _______ (______),NA,_________,NA,T,Territory or Area,NA,AUS,NA,NA,NA,NA,NA,NA,NA,NA,NA,NA,NA,NA,NA,NA,NA,NA,NA,NA,NA,NA,NA,NA
BRN,BN,96,BRU,Brunei Darussalam,Brunei Darussalam,_____ ___ ______,_____ ___ ______,Brunei Darussalam,Brunei Darussalam,Brunéi Darussalam,le Brunéi Darussalam,______-__________,______-__________,_______,_______,M,Member State,NA,NA,WPR,NA,HIC,NA,Brunei Darussalam,Asia,South-Eastern Asia,935,920,N,Y,N,N,N,N,N,High-income Asia Pacific,High-income,High-income Asia Pacific,High-income,High-income,High-income Asia Pacific
BDI,BI,108,BUU,Burundi,the Republic of Burundi,_______,_______ _______,Burundi,la República de Burundi,Burundi,la République du Burundi,_______,__________ _______,___,______,M,Member State,NA,NA,AFR,NA,LIC,NA,Burundi,Africa,Eastern Africa,903,910,N,Y,Y,Y,Y,N,Y,Eastern Africa,Sub-Saharan Africa,Eastern Africa,Sub-Saharan Africa,Sub-Saharan Africa,Eastern Africa
MDG,MG,450,MAD,Madagascar,the Republic of Madagascar,______,_______ ______,Madagascar,la República de Madagascar,Madagascar,la République de Madagascar,__________,__________ __________,_____,________,M,Member State,NA,NA,AFR,NA,LIC,NA,Madagascar,Africa,Eastern Africa,903,910,N,Y,Y,Y,Y,N,Y,Eastern Africa,Sub-Saharan Africa,Eastern Africa,Sub-Saharan Africa,Sub-Saharan Africa,Eastern Africa
NAM,NA,516,NAM,Namibia,the Republic of Namibia,_______,_______ _______,Namibia,la República de Namibia,Namibie,la République de Namibie,_______,__________ _______,____,_______,M,Member State,NA,NA,AFR,NA,UMC,NA,Namibia,Africa,Southern Africa,903,913,N,Y,N,Y,Y,N,N,Southern Africa,Sub-Saharan Africa,Southern Africa,Sub-Saharan Africa,Sub-Saharan Africa,Southern Africa
PRI,PR,630,PUR,Puerto Rico,Puerto Rico,_________,NA,Puerto Rico,NA,Porto Rico,NA,______-____,NA,____,NA,A,Associate Member,NA,USA,AMR,NA,HIC,NA,Puerto Rico,Latin America and the Caribbean,Caribbean,904,915,N,Y,N,N,Y,N,N,Caribbean,LAC,Caribbean,LAC,LAC,Caribbean
ALB,AL,8,ALB,Albania,the Republic of Albania,_______,_______ _______,Albania,la República de Albania,Albanie,la République d'Albanie,_______,__________ _______,_____,________,M,Member State,NA,NA,EUR,NA,UMC,NA,Albania,Europe,Southern Europe,908,925,Y,N,N,N,Y,N,N,Balkans,"Central Europe, Eastern Europe, and Central Asia",Balkans,"Central Europe, Eastern Europe, and Central Asia","Central Europe, Eastern Europe, and Central Asia",Balkans
LBY,LY,434,LIY,Libya,State of Libya,_____,____ _____,Libia,Estado de Libia,Libye,l'État de Libye,_____,___________ _____,___,____,M,Member State,NA,NA,EMR,NA,UMC,NA,Libya,Africa,Northern Africa,903,912,N,Y,N,N,N,N,N,North Africa and Middle East,North Africa and Middle East,North Africa and Middle East,North Africa and Middle East,North Africa and Middle East,North Africa and Middle East
CHE,CH,756,SWI,Switzerland,the Swiss Confederation,______,_______ ________,Suiza,la Confederación Suiza,Suisse,la Confédération suisse,_________,___________ ____________,__,____,M,Member State,NA,NA,EUR,NA,HIC,NA,Switzerland,Europe,Western Europe,908,926,Y,N,N,N,Y,N,N,Western Europe,High-income,Western Europe,High-income,High-income,Western Europe
ESH,EH,732,ESH,Western Sahara,NA,_______ _______,NA,Sahara Occidental,NA,Sahara occidental (le),NA,________ ______,NA,____,NA,E,Territory or Area (Excluded from WHO publications),NA,NA,NA,NA,NA,NA,NA,NA,NA,NA,NA,NA,NA,NA,NA,NA,NA,NA,NA,NA,NA,NA,NA,NA
LSO,LS,426,LES,Lesotho,the Kingdom of Lesotho,______,_____ ______,Lesotho,el Reino de Lesotho,Lesotho,le Royaume du Lesotho,______,___________ ______,___,_____,M,Member State,NA,NA,AFR,NA,LMC,NA,Lesotho,Africa,Southern Africa,903,913,N,Y,Y,Y,Y,N,Y,Southern Africa,Sub-Saharan Africa,Southern Africa,Sub-Saharan Africa,Sub-Saharan Africa,Southern Africa
MHL,MH,584,MSI,Marshall Islands,the Republic of the  Marshall Islands,___ ______,_______ ___ ______,Islas Marshall,la República de las Islas Marshall,Îles Marshall,la République des Îles Marshall,__________ _______,__________ __________ _______,_____,________,M,Member State,NA,NA,WPR,NA,UMC,1,Marshall Islands,Oceania,Micronesia,909,954,N,Y,N,N,Y,Y,N,Oceania,"South Asia, Southeast Asia, and Oceania",NA,NA,"South Asia, Southeast Asia, and Oceania",Oceania
LBR,LR,430,LIB,Liberia,the Republic of Liberia,______,_______ ______,Liberia,la República de Liberia,Libéria,la République du Libéria,_______,__________ _______,____,_______,M,Member State,NA,NA,AFR,NA,LIC,NA,Liberia,Africa,Western Africa,903,914,N,Y,Y,Y,Y,N,Y,Western Africa,Sub-Saharan Africa,Western Africa,Sub-Saharan Africa,Sub-Saharan Africa,Western Africa
LCA,LC,662,SAL,Saint Lucia,Saint Lucia,____ _____,____ _____,Santa Lucía,Santa Lucía,Sainte-Lucie,Sainte-Lucie,____-_____,____-_____,____,____,M,Member State,NA,NA,AMR,NA,UMC,NA,Saint Lucia,Latin America and the Caribbean,Caribbean,904,915,N,Y,N,N,Y,N,N,Caribbean,LAC,Caribbean,LAC,LAC,Caribbean
ATG,AG,28,ANI,Antigua and Barbuda,Antigua and Barbuda,_______ _______,_______ _______,Antigua y Barbuda,Antigua y Barbuda,Antigua-et-Barbuda,Antigua-et-Barbuda,_______ _ _______,_______ _ _______,_______,_______,M,Member State,NA,NA,AMR,NA,HIC,NA,Antigua and Barbuda,Latin America and the Caribbean,Caribbean,904,915,N,Y,N,N,Y,N,N,Caribbean,LAC,Caribbean,LAC,LAC,Caribbean
KAZ,KZ,398,KAZ,Kazakhstan,the Republic of Kazakhstan,_________,_______ _________,Kazajstán,la República de Kazajstán,Kazakhstan,la République du Kazakhstan,_________,__________ _________,_____,________,M,Member State,NA,NA,EUR,NA,UMC,NA,Kazakhstan,Asia,South-Central Asia,935,921,N,Y,N,N,Y,N,N,Central Asia,"Central Europe, Eastern Europe, and Central Asia",Central Asia,"Central Europe, Eastern Europe, and Central Asia","Central Europe, Eastern Europe, and Central Asia",Central Asia
GNB,GW,624,GUB,Guinea-Bissau,the Republic of Guinea-Bissau,_____ - _____,_______ _____ - _____,Guinea-Bissau,la República de Guinea-Bissau,Guinée-Bissau,la République de Guinée-Bissau,______-_____,__________ ______-_____,_____,________,M,Member State,NA,NA,AFR,NA,LIC,NA,Guinea-Bissau,Africa,Western Africa,903,914,N,Y,Y,Y,Y,N,Y,Western Africa,Sub-Saharan Africa,Western Africa,Sub-Saharan Africa,Sub-Saharan Africa,Western Africa
ASM,AS,16,AMS,American Samoa,NA,_____ _________,NA,Samoa Americana,NA,Samoa américaines,NA,____________ _____,NA,_____,NA,T,Territory or Area,NA,USA,WPR,NA,UMC,NA,American Samoa,Oceania,Polynesia,909,957,N,Y,N,N,Y,Y,N,Oceania,"South Asia, Southeast Asia, and Oceania",NA,NA,"South Asia, Southeast Asia, and Oceania",Oceania
FIN,FI,246,FIN,Finland,the Republic of Finland,______,_______ ______,Finlandia,la República de Finlandia,Finlande,la République de Finlande,_________,___________ __________,__,_____,M,Member State,NA,NA,EUR,NA,HIC,NA,Finland,Europe,Northern Europe,908,924,Y,N,N,N,Y,N,N,Western Europe,High-income,Western Europe,High-income,High-income,Western Europe
JPN,JP,392,JPN,Japan,Japan,_______,_______,Japón,el Japón,Japon,le Japon,______,______,__,___,M,Member State,NA,NA,WPR,NA,HIC,NA,Japan,Asia,Eastern Asia,935,906,Y,N,N,N,Y,N,N,High-income Asia Pacific,High-income,High-income Asia Pacific,High-income,High-income,High-income Asia Pacific
IRL,IE,372,IRE,Ireland,Ireland,_______,_______,Irlanda,Irlanda,Irlande,l'Irlande,________,________,___,___,M,Member State,NA,NA,EUR,NA,HIC,NA,Ireland,Europe,Northern Europe,908,924,Y,N,N,N,Y,N,N,Western Europe,High-income,Western Europe,High-income,High-income,Western Europe
BLM,BL,652,BLM,Saint Barthélemy,NA,___ ________,NA,San Barthélemy,NA,Saint-Barthélemy,NA,___-_________,NA,_____,NA,T,Territory or Area,NA,FRA,NA,NA,NA,NA,NA,NA,NA,NA,NA,NA,NA,NA,NA,NA,NA,NA,NA,NA,NA,NA,NA,NA
MYT,YT,175,MTE,Mayotte,NA,_____,NA,Mayotte,NA,Mayotte,NA,______ _______,NA,___,NA,T,Territory or Area,NA,FRA,NA,NA,NA,NA,Mayotte,Africa,Eastern Africa,903,910,N,Y,N,Y,N,N,N,Eastern Africa,Sub-Saharan Africa,Eastern Africa,Sub-Saharan Africa,Sub-Saharan Africa,Eastern Africa
PLW,PW,585,BLA,Palau,the Republic of Palau,_____,_______ _____,Palau,la República de Palau,Palaos,la République des Palaos,_____,__________ _____,__,_____,M,Member State,NA,NA,WPR,NA,HIC,1,Palau,Oceania,Micronesia,909,954,N,Y,N,N,Y,Y,N,Oceania,"South Asia, Southeast Asia, and Oceania",NA,NA,"South Asia, Southeast Asia, and Oceania",Oceania
SPM,PM,666,SPM,Saint Pierre and Miquelon,NA,___ ____ _______,NA,San Pedro y Miquelón,NA,Saint-Pierre-et-Miquelon,NA,___-____ _ _______,NA,________,NA,T,Territory or Area,NA,FRA,NA,NA,NA,NA,Saint Pierre and Miquelon,Northern America,Northern America,905,905,Y,N,N,N,Y,Y,N,High-income North America,High-income,NA,NA,High-income,High-income North America
ARM,AM,51,ARM,Armenia,the Republic of Armenia,_______,_______ _______,Armenia,la República de Armenia,Arménie,la République d'Arménie,_______,__________ _______,____,_______,M,Member State,NA,NA,EUR,NA,UMC,NA,Armenia,Asia,Western Asia,935,922,N,Y,N,N,N,N,N,Caucasus,"Central Europe, Eastern Europe, and Central Asia",Caucasus,"Central Europe, Eastern Europe, and Central Asia","Central Europe, Eastern Europe, and Central Asia",Caucasus
ATF,TF,260,ATF,French Southern Territories,NA,_______ ________ ________,NA,Territorio de las Tierras Australes Francesas,NA,Terres australes françaises (les),NA,___________ _____ __________,NA,______,NA,T,Territory or Area,NA,FRA,NA,NA,NA,NA,NA,NA,NA,NA,NA,NA,NA,NA,NA,NA,NA,NA,NA,NA,NA,NA,NA,NA
BES,BQ,535,BES,"Bonaire, Saint Eustatius and Saba",NA,_____ _____ _________ _____,NA,"Bonaire, San Eustaquio y Saba",NA,"Bonaire, Saint-Eustache et Saba",NA,"_______, ____-________ _ ____",NA,_____________,NA,T,Territory or Area,NA,NLD,AMR,NA,NA,NA,"Bonaire, Sint Eustatius and Saba",Latin America and the Caribbean,Caribbean,904,915,N,Y,N,N,Y,Y,N,Caribbean,LAC,NA,NA,LAC,Caribbean
XKX,XK,NA,NA,Kosovo (in accordance with UN Security Council resolution 1244 (1999)),Kosovo (in accordance with UN Security Council resolution 1244 (1999)),NA,NA,NA,NA,NA,NA,NA,NA,NA,NA,E,Territory or Area,"Do not use “Kosovo” on its own, and avoid using the name in a way that implies it is either a country or a region. Consult the Office of the Legal Counsel before mentioning this area or including information or data concerning it in WHO publications.",NA,EUR,NA,NA,NA,NA,NA,NA,NA,NA,NA,NA,NA,NA,NA,NA,NA,NA,NA,NA,NA,NA,NA
